,replaced,id
0,'s baking chocolate,0
1,'s chocolate chip,1
2,'s hugs chocolate,2
3,'s sauce,3
4,'s sour cream,4
5,'s spicy seasoning,5
6,'s syrup,6
7,'s teriyaki sauce,7
8,10 bean soup mix,8
9,10-minute success rice,9
10,100 proof vodka,10
11,15 bean mix,11
12,15 bean soup mix,12
13,3 bean mix,13
14,7-up,14
15,7-up soda,15
16,a.1. sauce,16
17,absinthe,17
18,absolut citron vodka,18
19,absolut kurant vodka,19
20,absolut mandarin vodka,20
21,absolut vodka,21
22,accent seasoning,22
23,aceto balsamico,23
24,acid blend,24
25,acini di pepe pastum,25
26,acorn squash,26
27,active starter,27
28,adobo sauce,28
29,adobo seasoning,29
30,adolph's meat tenderizer,30
31,advocaat,31
32,adzuki bean,32
33,after dinner mint,33
34,agar,34
35,agar-agar,35
36,agar-agar flake,36
37,agave,37
38,agave nectar,38
39,agave syrup,39
40,aguardiente,40
41,ahi,41
42,ahi tuna steak,42
43,aioli,43
44,aji yellow paste,44
45,ajinomoto,45
46,ajvar,46
47,ajwain,47
48,albacore tuna,48
49,albacore tuna in water,49
50,alcohol,50
51,ale,51
52,aleppo pepper,52
53,alfalfa,53
54,alfalfa sprout,54
55,alfredo,55
56,alfredo sauce,56
57,alfredo sauce mix,57
58,all beef wiener,58
59,all purpose flmy,59
60,all purpose greek seasoning,60
61,all-bran cereal,61
62,all-purpose baking flmy,62
63,all-purpose flmy,63
64,all-purpose seasoning,64
65,all-purpose white flmy,65
66,alligator meat,66
67,alligator tail steak,67
68,allspice,68
69,allspice berry,69
70,almond,70
71,almond bark,71
72,almond brickle chip,72
73,almond butter,73
74,almond cookie,74
75,almond cookies,75
76,almond essence,76
77,almond extract,77
78,almond filling,78
79,almond flmy,79
80,almond half,80
81,almond halve,81
82,almond liqueur,82
83,almond meal,83
84,almond milk,84
85,almond oil,85
86,almond paste,86
87,almond powder,87
88,almond syrup,88
89,almond toffee bit,89
90,almonding,90
91,aloe juice,91
92,alphabet pasta and vegetable soup,92
93,alphabet pastum,93
94,alpine lace swiss cheese,94
95,alum,95
96,aluminum foil,96
97,amaranth,97
98,amaranth flmy,98
99,amaretti cookie,99
100,amaretti cookie crumb,100
101,amaretti cookies,101
102,amarettini,102
103,amaretto,103
104,amaretto coffee creamer,104
105,amaretto di saronno liqueur,105
106,amaretto liqueur,106
107,amarettus,107
108,amarula cream liqueur,108
109,amber beer,109
110,amchur,110
111,amchur powder,111
112,american cheese,112
113,american cheese single,113
114,american cheese slice,114
115,amish batter,115
116,amish starter,116
117,ammonium,117
118,anaheim chili,118
119,anaheim chily,119
120,anasazi bean,120
121,ancho chili,121
122,ancho chily,122
123,anchovies packed in oil,123
124,anchovy,124
125,anchovy fillet,125
126,anchovy paste,126
127,and white chocolate swirled chocolate morsel,127
128,andes mint baking chip,128
129,andes mints candy,129
130,angel flake coconut,130
131,angel food cake,131
132,angel hair pastum,132
133,angelica,133
134,angelica leaf,134
135,angostura bitter,135
136,angostura worcestershire sauce,136
137,angus steak,137
138,animal cracker,138
139,anise,139
140,anise extract,140
141,anise liqueur,141
142,anise oil,142
143,anise seed,143
144,aniseing,144
145,anisette,145
146,anjou pear,146
147,annatto,147
148,any desired food coloring,148
149,appenzeller cheese,149
150,apple,150
151,apple brandy,151
152,apple butter,152
153,apple chip,153
154,apple cider,154
155,apple cider vinegar,155
156,apple crumble mix,156
157,apple fruit filling and topping,157
158,apple jelly,158
159,apple juice,159
160,apple juice concentrate,160
161,apple liqueur,161
162,apple pie filling,162
163,apple pie spice,163
164,apple ring,164
165,apple schnapp,165
166,apple syrup,166
167,apple-raspberry juice concentrate,167
168,apple-smoked bacon,168
169,applejack,169
170,applesauce,170
171,apricot,171
172,apricot baby food,172
173,apricot brandy,173
174,apricot filling,174
175,apricot fruit spread,175
176,apricot gelatin,176
177,apricot half,177
178,apricot halves in juice,178
179,apricot halves in light syrup,179
180,apricot jam,180
181,apricot juice,181
182,apricot liqueur,182
183,apricot nectar,183
184,apricot preserve,184
185,apricot puree,185
186,apricot syrup,186
187,apricot-pineapple preserve,187
188,apricots in juice,188
189,apricots in syrup,189
190,aquavit,190
191,arabic bread,191
192,arabic seven spice,192
193,arame seaweed,193
194,arbol chili powder,194
195,arborio rice,195
196,arm roast,196
197,armagnac,197
198,aromatic bitter,198
199,arrack liqueur,199
200,arrowroot,200
201,arrowroot cookies,201
202,artichoke,202
203,artichoke bottom,203
204,artichoke heart,204
205,artichoke hearts in brine,205
206,artichoke hearts packed in oil,206
207,artichoke quarters in water,207
208,artificial sweetener,208
209,artificial vanillaing,209
210,arugula,210
211,arugula leaf,211
212,asadero cheese,212
213,asafoetida powder,213
214,ascorbic acid,214
215,asiago 3-cheese blend,215
216,asiago cheese,216
217,asiago-parmesan cheese,217
218,asian noodle,218
219,asian pear,219
220,asian seasoning,220
221,asparagu,221
222,asparagus spear,222
223,asparagus tip,223
224,assorted crudite,224
225,assorted fresh vegetable,225
226,assorted herb,226
227,atkins baking mix,227
228,atlantic salmon fillet,228
229,ature almond joy bar,229
230,ature bagel,230
231,ature butterscotch chip,231
232,ature candy cane,232
233,ature chocolate chip,233
234,ature chocolate egg,234
235,ature corn cob,235
236,ature dark chocolate chip,236
237,ature graham cracker pie crust,237
238,ature hot dog,238
239,ature kiss,239
240,ature m&m baking bit,240
241,ature marshmallow,241
242,ature oreo cookies,242
243,ature party rye round,243
244,ature peanut butter cup,244
245,ature peppermint patty,245
246,ature phyllo cup,246
247,ature pretzel,247
248,ature pretzel twist,248
249,ature tart shell,249
250,au gratin potato,250
251,au gratin potato mix,251
252,au jus mix,252
253,au jus sauce,253
254,aubergine,254
255,avocado,255
256,avocado dip,256
257,avocado oil,257
258,azuki bean,258
259,baby artichoke,259
260,baby arugula,260
261,baby asparagu,261
262,baby back rib,262
263,baby back rib rack,263
264,baby beet,264
265,baby bella mushroom,265
266,baby bok choy,266
267,baby butter bean,267
268,baby calamarus,268
269,baby carrot,269
270,baby chicken,270
271,baby clam,271
272,baby corn,272
273,baby eggplant,273
274,baby food,274
275,baby green,275
276,baby green pea,276
277,baby leek,277
278,baby lima bean,278
279,baby octopu,279
280,baby onion,280
281,baby pea,281
282,baby portabella mushroom,282
283,baby potato,283
284,baby red potato,284
285,baby rocket,285
286,baby salad leaf,286
287,baby shrimp,287
288,baby spinach,288
289,baby spinach leaf,289
290,baby sweet corn cob,290
291,baby swiss cheese,291
292,baby tomato,292
293,baby turnip,293
294,bacardi limon,294
295,back bacon,295
296,back rib,296
297,backfin crab meat,297
298,bacon,298
299,bacon bit,299
300,bacon dip,300
301,bacon dripping,301
302,bacon fat,302
303,bacon grease,303
304,bacon piece,304
305,bacos bacon bit,305
306,bagel,306
307,bagel chip,307
308,baguette,308
309,baharat,309
310,baharat spice mix,310
311,baked bean,311
312,baked beans in tomato sauce,312
313,baked pastry shell,313
314,baked pie crust,314
315,baked pie shell,315
316,baked pizza crust,316
317,baked potato chip,317
318,baked tofu,318
319,baker's baking chocolate,319
320,baker's chocolate,320
321,baker's dry milk,321
322,baker's german's chocolate,322
323,baker's unsweetened chocolate square,323
324,baking ammonium,324
325,baking apple,325
326,baking chocolate,326
327,baking chocolate square,327
328,baking cocoa,328
329,baking hen,329
330,baking mix,330
331,baking potato,331
332,baking powder,332
333,baking powder biscuit,333
334,baking sheet,334
335,baking soda,335
336,baking sticks butter all-vegetable shortening,336
337,balsamic glaze,337
338,balsamic vinaigrette,338
339,balsamic vinegar,339
340,bamboo shoot,340
341,bamboo skewer,341
342,banana,342
343,banana baby food,343
344,banana bread,344
345,banana bread mix,345
346,banana chip,346
347,banana cream instant pudding,347
348,banana cream pudding and pie filling mix,348
349,banana cream pudding mix,349
350,banana cream yogurt,350
351,banana extract,351
352,banana instant pudding,352
353,banana leaf,353
354,banana liqueur,354
355,banana nut crunch cereal,355
356,banana pepper,356
357,banana pepper ring,357
358,banana pulp,358
359,banana schnapp,359
360,banana syrup,360
361,banana yogurt,361
362,bananaing,362
363,banger,363
364,bar,364
365,barbecue baked bean,365
366,barbecue potato chip,366
367,barbecue sauce,367
368,barbecue seasoning,368
369,barbecue spice,369
370,barbecued beef,370
371,barbecued chicken,371
372,barbecued pork,372
373,barberry,373
374,barley,374
375,barley flmy,375
376,barley malt syrup,376
377,barley miso,377
378,barley pearl,378
379,bartlett pear,379
380,basa fillet,380
381,basic pizza dough,381
382,basil,382
383,basil chiffonade,383
384,basil leaf,384
385,basil oil,385
386,basil pesto,386
387,basil seed,387
388,basil sprig,388
389,basmati rice,389
390,bass fillet,390
391,batter,391
392,batter frying mix,392
393,bay leaf,393
394,bay leaf powder,394
395,bay scallop,395
396,bay shrimp,396
397,bean,397
398,bean curd,398
399,bean dip,399
400,bean flmy,400
401,bean liquid,401
402,bean medley,402
403,bean paste,403
404,bean sauce,404
405,bean sprout,405
406,bean stock,406
407,bean thread,407
408,bean thread noodle,408
409,bean thread vermicelli,409
410,bear roast,410
411,bear shaped graham cracker,411
412,bear steak,412
413,bearnaise sauce,413
414,bearnaise sauce mix,414
415,beau monde seasoning,415
416,beau monde spice,416
417,beaufort cheese,417
418,beaujolais wine,418
419,becel margarine,419
420,bechamel sauce,420
421,bee pollen,421
422,beef,422
423,beef and onion soup mix,423
424,beef baby food,424
425,beef back rib,425
426,beef base,426
427,beef blade roast,427
428,beef blade steak,428
429,beef bone,429
430,beef bouillon,430
431,beef bouillon concentrate,431
432,beef bouillon cube,432
433,beef bouillon granule,433
434,beef bouillon paste,434
435,beef bouillon powder,435
436,beef brisket,436
437,beef broth,437
438,beef burger,438
439,beef cap,439
440,beef chuck,440
441,beef chuck roast,441
442,beef chuck shoulder pot roast,442
443,beef chuck steak,443
444,beef consomme,444
445,beef consomme soup,445
446,beef cube,446
447,beef cube steak,447
448,beef cutlet,448
449,beef double bouillon cube,449
450,beef dripping,450
451,beef eye round,451
452,beef flank steak,452
453,beef gravy,453
454,beef gravy granule,454
455,beef gravy mix,455
456,beef heart,456
457,beef hot dog,457
458,beef jerky,458
459,beef kidney,459
460,beef kielbasa,460
461,beef loin steak,461
462,beef medallion,462
463,beef mince,463
464,beef ramen noodle,464
465,beef ravioli,465
466,beef rib,466
467,beef rib eye roast,467
468,beef rib roast,468
469,beef roast,469
470,beef roast seasoning,470
471,beef round steak,471
472,beef round tip steak,472
473,beef schnitzel,473
474,beef shank,474
475,beef short rib,475
476,beef shoulder,476
477,beef silverside,477
478,beef sirloin,478
479,beef sirloin steak,479
480,beef sirloin tip,480
481,beef soup mix,481
482,beef steak,482
483,beef stew meat,483
484,beef stew seasoning,484
485,beef stock,485
486,beef stock cube,486
487,beef stock granule,487
488,beef stock mix,488
489,beef stock powder,489
490,beef stroganoff sauce mix,490
491,beef suet,491
492,beef t-bone steak,492
493,beef tamale,493
494,beef taquito,494
495,beef tenderloin,495
496,beef tenderloin fillet,496
497,beef tenderloin steak,497
498,beef tip,498
499,beef tip roast,499
500,beef tongue,500
501,beef top loin steak,501
502,beef top round,502
503,beef top round steak,503
504,beef top sirloin steak,504
505,beef tortellini,505
506,beefsteak tomato,506
507,beefy mushroom soup,507
508,beefy mushroom soup mix,508
509,beefy onion soup mix,509
510,beer,510
511,beer stick,511
512,beet,512
513,beet juice,513
514,beet leaf,514
515,beet sugar,515
516,beetroot,516
517,bel paese cheese,517
518,belgian endive,518
519,bell pepper,519
520,benedictine,520
521,bengal gram dal,521
522,berbere,522
523,bermuda onion,523
524,berry,524
525,berry blue gelatin mix,525
526,berry juice,526
527,berry sugar,527
528,berry yogurt,528
529,besan,529
530,besan flmy,530
531,bicarbonate of soda,531
532,bing cherry,532
533,biscottus,533
534,biscuit,534
535,biscuit dough,535
536,biscuit mix,536
537,bisquick,537
538,bisquick baking mix,538
539,bisquick heart smart mix,539
540,bisto,540
541,bitter,541
542,bitter almond oil,542
543,bitter chocolate,543
544,bitter cocoa powder,544
545,bitter melon,545
546,bittersweet baking chocolate,546
547,bittersweet chocolate,547
548,bittersweet chocolate chip,548
549,bittersweet chocolate piece,549
550,bittersweet chocolate square,550
551,bittersweet dark chocolate,551
552,black and red pepper blend,552
553,black bean,553
554,black bean and rice mix,554
555,black bean dip,555
556,black bean garlic sauce,556
557,black bean paste,557
558,black bean salsa,558
559,black bean sauce,559
560,black bean soup,560
561,black bread,561
562,black cardamom pod,562
563,black caviar,563
564,black cherry,564
565,black cherry gelatin,565
566,black cherry jell-o,566
567,black cherry syrup,567
568,black coffee,568
569,black cumin,569
570,black cumin seed,570
571,black currant,571
572,black currant jelly,572
573,black decorating gel,573
574,black food coloring,574
575,black forest ham,575
576,black gram,576
577,black gram dal,577
578,black grape,578
579,black greek olife,579
580,black greek olive,580
581,black kale,581
582,black lentil,582
583,black licorice,583
584,black licorice string,584
585,black mission fig,585
586,black mushroom,586
587,black mustard seed,587
588,black olife,588
589,black olive paste,589
590,black pepper,590
591,black peppercorn,591
592,black plum,592
593,black raspberry,593
594,black rice,594
595,black salt,595
596,black sambuca,596
597,black sesame seed,597
598,black soybean,598
599,black sticky rice,599
600,black tea,600
601,black tea bag,601
602,black tea leaf,602
603,black treacle,603
604,black truffle,604
605,black vinegar,605
606,black vodka,606
607,black walnut,607
608,black walnuting,608
609,black-eyed pea,609
610,blackberry,610
611,blackberry all-fruit spread,611
612,blackberry brandy,612
613,blackberry jam,613
614,blackberry jell-o,614
615,blackberry jelly,615
616,blackberry liqueur,616
617,blackberry pie filling,617
618,blackberry preserve,618
619,blackberry syrup,619
620,blackberry wine,620
621,blackberry yogurt,621
622,blackened fish seasoning,622
623,blackened steak seasoning,623
624,blackening seasoning,624
625,blackstrap molass,625
626,blade pot roast,626
627,blade roast,627
628,blade steak,628
629,blanched almond,629
630,bleached all purpose flmy,630
631,bleached sultana raisin,631
632,blended oatmeal,632
633,blintze,633
634,blood orange,634
635,blood orange juice,635
636,"blood orange, juice of",636
637,bloody mary mix,637
638,blue cheese,638
639,blue cornmeal,639
640,blue crab,640
641,blue crab meat,641
642,blue curacao,642
643,blue food coloring,643
644,blue mussel,644
645,blue potato,645
646,blueberries in heavy syrup,646
647,blueberries in light syrup,647
648,blueberry,648
649,blueberry gelatin,649
650,blueberry jam,650
651,blueberry juice,651
652,blueberry muffin mix,652
653,blueberry pie filling,653
654,blueberry preserve,654
655,blueberry sauce,655
656,blueberry vodka,656
657,blueberry yogurt,657
658,bluefish,658
659,bluefish fillet,659
660,blush wine,660
661,boar,661
662,boboli pizza crust,662
663,boboli thin pizza shell,663
664,boboli whole wheat pizza crust,664
665,boca meatless ground burger,665
666,bocconcini,666
667,bock beer,667
668,boil-in-the-bag rice,668
669,boiled ham,669
670,boiled potato,670
671,boiling onion,671
672,boiling potato,672
673,boiling water,673
674,bok choy,674
675,bologna,675
676,bolognese sauce,676
677,bone-in ham,677
678,bone-in pork roast,678
679,bonito flake,679
680,borage,680
681,borax,681
682,borlotti bean,682
683,bosc pear,683
684,bottled clam juice,684
685,bottled garlic,685
686,bottled hot pepper sauce,686
687,bottled lemon juice,687
688,bottled water,688
689,bottom round beef roast,689
690,bottom round roast,690
691,bottom round steak,691
692,bouillon,692
693,bouillon cube,693
694,bouquet garni,694
695,bourbon,695
696,bourbon grilling sauce,696
697,bourbon vanilla,697
698,bourbon whiskey,698
699,boursin cheese,699
700,bovril powder,700
701,bow tie pastum,701
702,boysenberry,702
703,braeburn apple,703
704,braggs amino,704
705,braggs amino acid,705
706,braggs liquid amino,706
707,bran,707
708,bran bud,708
709,bran flake,709
710,brandy,710
711,brandy extract,711
712,brandying,712
713,bratwurst,713
714,brazil nut,714
715,bread,715
716,bread bowl,716
717,bread crumb,717
718,bread cube,718
719,bread dough,719
720,bread enhancer,720
721,bread flmy,721
722,bread improver,722
723,bread mix,723
724,bread pizza crust,724
725,bread round,725
726,bread spice,726
727,bread stuffing mix,727
728,breadcrumb,728
729,breaded chicken nugget,729
730,breaded chicken patty,730
731,breaded chicken tender,731
732,breaded fish fillet,732
733,breadfruit,733
734,breadstick,734
735,breakfast cereal,735
736,breast of turkey,736
737,bresaola,737
738,brewed black tea,738
739,brewed coffee,739
740,brewed decaffeinated coffee,740
741,brewed espresso,741
742,brewed green tea,742
743,brewed tea,743
744,brick cheese,744
745,brickle bit,745
746,brie cheese,746
747,brie round,747
748,brine,748
749,brine-cured black olife,749
750,brinjal,750
751,brioche bread,751
752,brioche roll,752
753,broad bean,753
754,broad egg noodle,754
755,broccoflower,755
756,broccoli,756
757,broccoli and cheese rice mix,757
758,broccoli carrots and water chestnut mix,758
759,broccoli cheese soup,759
760,broccoli coleslaw mix,760
761,broccoli floret,761
762,broccoli rabe,762
763,broccoli slaw mix,763
764,broccoli spear,764
765,broccoli sprout,765
766,broccoli stem,766
767,broccolini,767
768,broccosprout,768
769,broiler,769
770,broiler chicken,770
771,broiler-fryer chicken,771
772,broken pretzel,772
773,broth,773
774,brown ale,774
775,brown and wild rice mix,775
776,brown basmati rice,776
777,brown bean,777
778,brown bean sauce,778
779,brown bread,779
780,brown breadcrumb,780
781,brown button mushroom,781
782,brown cardamom pod,782
783,brown flmy,783
784,brown gravy mix,784
785,brown lentil,785
786,brown mustard,786
787,brown mustard seed,787
788,brown onion,788
789,brown paper bag,789
790,brown rice,790
791,brown rice flmy,791
792,brown rice miso,792
793,brown rice pastum,793
794,brown rice syrup,794
795,brown rice vinegar,795
796,brown roll,796
797,brown sauce,797
798,brown sesame seed,798
799,brown stock,799
800,brown sugar,800
801,brown sugar baked bean,801
802,brown sugar cinnamon syrup,802
803,brown sugar ham,803
804,brown sugar twin,804
805,brownie,805
806,brownie mix,806
807,browning sauce,807
808,browny,808
809,brummel and brown spread,809
810,bruschettum,810
811,brussels sprout,811
812,brut champagne,812
813,bucatini pastum,813
814,buckwheat flake,814
815,buckwheat flmy,815
816,buckwheat groat,816
817,buckwheat honey,817
818,buckwheat noodle,818
819,bud light beer,819
820,buddig beef,820
821,budweiser beer,821
822,buffalo,822
823,buffalo wing sauce,823
824,buffalo wings seasoning blend,824
825,bugles snack,825
826,bulb of garlic,826
827,bulbs of garlic,827
828,bulgar wheat,828
829,bulgur,829
830,bulgur wheat,830
831,bulls eye bold barbecue sauce,831
832,bun,832
833,burdock root,833
834,burghul,834
835,burgundy cooking wine,835
836,burgundy wine,836
837,burrito,837
838,bush's red bean,838
839,butt,839
840,butter,840
841,butter bean,841
842,butter brickle,842
843,butter bud,843
844,butter cookie,844
845,butter cookies,845
846,butter cracker,846
847,butter cracker crumb,847
848,butter croissant,848
849,butter extract,849
850,butter mint,850
851,butter oil,851
852,butter pecan ice cream,852
853,butter pecaning,853
854,butter pound cake,854
855,butter shortening,855
856,butter spread,856
857,butter sprinkle,857
858,butter substitute,858
859,butter-nuting,859
860,buttercream frosting,860
861,buttercup squash,861
862,buttered bread crumb,862
863,butterfinger bar,863
864,butterfish,864
865,butterflied leg of lamb,865
866,butterfly pork chop,866
867,butterfly pork loin chop,867
868,buttering,868
869,buttermilk,869
870,buttermilk baking mix,870
871,buttermilk biscuit,871
872,buttermilk biscuit mix,872
873,butternut pumpkin,873
874,butternut snap biscuit,874
875,butternut squash,875
876,butternut squash seed,876
877,butternut squash soup,877
878,butternuting,878
879,butterscotch baking bit,879
880,butterscotch candy,880
881,butterscotch caramel sauce,881
882,butterscotch chip,882
883,butterscotch extract,883
884,butterscotch pudding,884
885,butterscotch pudding mix,885
886,butterscotch schnapp,886
887,butterscotch sundae sauce,887
888,butterscotch syrup,888
889,butterscotch topping,889
890,butterscotching,890
891,buttery cracker,891
892,button mushroom,892
893,cabbage,893
894,cabbage and carrot coleslaw mix,894
895,cabbage coleslaw blend,895
896,cabbage kimchi,896
897,cabbage leaf,897
898,cabernet sauvignon wine,898
899,cacao,899
900,cachaca,900
901,cactus piece,901
902,caerphilly cheese,902
903,caesar crouton,903
904,cajun mustard,904
905,cajun seasoning,905
906,cajun spice,906
907,cajun-louisiana seasoning blend,907
908,cake,908
909,cake crumb,909
910,cake decorating gel,910
911,cake flmy,911
912,cake mix,912
913,cake tofu,913
914,cake-and-pastry flmy,914
915,calabaza squash,915
916,calamari steak,916
917,calamarus,917
918,calendula flower,918
919,california avocado,919
920,california dried fig,920
921,california walnut,921
922,california-blend frozen vegetable,922
923,calimyrna fig,923
924,calrose rice,924
925,calvado,925
926,cambozola cheese,926
927,camembert cheese,927
928,camomile tea,928
929,camp coffee,929
930,campanelle pastum,930
931,campari tomato,931
932,camparus,932
933,campbell pepper jack soup,933
934,canada dry ginger ale,934
935,canadian bacon,935
936,canadian rye whisky,936
937,candied almond,937
938,candied cherry,938
939,candied citron peel,939
940,candied fruit,940
941,candied ginger,941
942,candied green cherry,942
943,candied lemon peel,943
944,candied orange,944
945,candied orange peel,945
946,candied pecan,946
947,candied peel,947
948,candied pineapple,948
949,candied red cherry,949
950,candied walnut,950
951,candied yam,951
952,candlenut,952
953,candy,953
954,candy bar,954
955,candy cane,955
956,candy cane kiss,956
957,candy coating,957
958,candy corn,958
959,candy covered plain chocolate candy,959
960,candy orange slice,960
961,candy sprinkle,961
962,candy-coated chocolate,962
963,cane syrup,963
964,canned anchovy fillet,964
965,canned apricot,965
966,canned artichoke heart,966
967,canned asparagu,967
968,canned baby clam,968
969,canned beet,969
970,canned black bean,970
971,canned blueberry,971
972,canned cannellini,972
973,canned carrot,973
974,canned cherry pie filling,974
975,canned chick-pea,975
976,canned chicken,976
977,canned chicken breast meat,977
978,canned chili,978
979,canned chili pepper,979
980,canned chily,980
981,canned clam,981
982,canned consomme,982
983,canned corn,983
984,canned corn kernel,984
985,canned corn niblet,985
986,canned crabmeat,986
987,canned cranberry sauce,987
988,canned crushed pineapple,988
989,canned deviled ham,989
990,canned flaked ham,990
991,canned fruit,991
992,canned green bean,992
993,canned ham,993
994,canned italian tomato,994
995,canned jalapeno pepper,995
996,canned jalapeno slice,996
997,canned mandarin orange,997
998,canned milk,998
999,canned mushroom,999
1000,canned mushroom slice,1000
1001,canned navy bean,1001
1002,canned pea,1002
1003,canned peach,1003
1004,canned peach half,1004
1005,canned pear,1005
1006,canned pimiento,1006
1007,canned pineapple,1007
1008,canned pineapple chunk,1008
1009,canned pineapple juice,1009
1010,canned pink salmon,1010
1011,canned pinto bean,1011
1012,canned plum tomato,1012
1013,canned pumpkin,1013
1014,canned pumpkin puree,1014
1015,canned red bean,1015
1016,canned red salmon,1016
1017,canned salmon,1017
1018,canned sauerkraut,1018
1019,canned shrimp,1019
1020,canned sliced potato,1020
1021,canned solid-pack pumpkin,1021
1022,canned spaghetti and sauce,1022
1023,canned spaghetti in tomato sauce,1023
1024,canned spinach,1024
1025,canned stewed tomato,1025
1026,canned sweet potato,1026
1027,canned tomato,1027
1028,canned tomato sauce,1028
1029,canned tuna,1029
1030,canned unsweetened coconut milk,1030
1031,canned vegetable,1031
1032,canned vegetable broth,1032
1033,canned white bean,1033
1034,canned whole cranberry sauce,1034
1035,canned whole kernel corn,1035
1036,canned whole potato,1036
1037,canned whole tomato,1037
1038,cannellini,1038
1039,cannellini bean,1039
1040,cannelloni tube,1040
1041,canning salt,1041
1042,canola margarine,1042
1043,canola oil,1043
1044,cantal cheese,1044
1045,cantaloupe,1045
1046,cantaloupe ball,1046
1047,cape gooseberry,1047
1048,capellini,1048
1049,caper,1049
1050,caper berry,1050
1051,caper juice,1051
1052,caperberry,1052
1053,capers in brine,1053
1054,capers packed in salt,1054
1055,capicola,1055
1056,caponatum,1056
1057,cappelletti pastum,1057
1058,cappuccino chip,1058
1059,caprino cheese,1059
1060,capsicum,1060
1061,carambola,1061
1062,caramel,1062
1063,caramel apple dip,1063
1064,caramel bit,1064
1065,caramel candy,1065
1066,caramel coloring,1066
1067,caramel extract,1067
1068,caramel filled s chocolate kiss,1068
1069,caramel ice cream topping,1069
1070,caramel icing,1070
1071,caramel irish cream,1071
1072,caramel liqueur,1072
1073,caramel sauce,1073
1074,caramel sundae syrup,1074
1075,caramel syrup,1075
1076,caramel topping,1076
1077,caramelized onion,1077
1078,caraway seed,1078
1079,carbonated beverage,1079
1080,carbonated lemon-lime beverage,1080
1081,carbonated water,1081
1082,cardamom,1082
1083,cardamom pod,1083
1084,cardamom powder,1084
1085,cardamom seed,1085
1086,caribbean jerk marinade,1086
1087,caribbean jerk seasoning,1087
1088,carnaroli rice,1088
1089,carob chip,1089
1090,carob powder,1090
1091,carom seed,1091
1092,carp,1092
1093,carrot,1093
1094,carrot baby food,1094
1095,carrot curl,1095
1096,carrot juice,1096
1097,carrot stick,1097
1098,cashew,1098
1099,cashew half,1099
1100,cashew nut,1100
1101,cashew nuts paste,1101
1102,cashew piece,1102
1103,casing,1103
1104,cassava,1104
1105,cassium,1105
1106,caster,1106
1107,caster sugar,1107
1108,catfish,1108
1109,catfish fillet,1109
1110,catfish nugget,1110
1111,catsup,1111
1112,cauliflower,1112
1113,cauliflower floret,1113
1114,cauliflower head,1114
1115,cavatappi pastum,1115
1116,cavatelli,1116
1117,caviar,1117
1118,cayenne,1118
1119,cayenne pepper,1119
1120,cayenne pepper sauce,1120
1121,cayenne powder,1121
1122,cedar plank,1122
1123,celeriac,1123
1124,celery,1124
1125,celery & leaf,1125
1126,celery & top,1126
1127,celery heart,1127
1128,celery leaf,1128
1129,celery powder,1129
1130,celery rib,1130
1131,celery root,1131
1132,celery salt,1132
1133,celery seed,1133
1134,celery soup,1134
1135,celery top,1135
1136,cellophane noodle,1136
1137,center cut pork chop,1137
1138,center cut pork loin roast,1138
1139,center-cut bacon,1139
1140,center-cut pork chop,1140
1141,center-cut pork loin,1141
1142,center-cut pork loin chop,1142
1143,cereal,1143
1144,cereal flake,1144
1145,certo,1145
1146,chabli,1146
1147,chai latte mix,1147
1148,chai tea,1148
1149,chai tea mix,1149
1150,chai tea teabag,1150
1151,challah,1151
1152,chambord raspberry liquor,1152
1153,chamomile tea bag,1153
1154,champagne,1154
1155,champagne grape,1155
1156,champagne vinegar,1156
1157,champignon mushroom,1157
1158,channa dal,1158
1159,chanterelle mushroom,1159
1160,chapati flmy,1160
1161,chapatus,1161
1162,char siu sauce,1162
1163,charcoal,1163
1164,chard leaf,1164
1165,chardonnay wine,1165
1166,chat masala,1166
1167,chayote,1167
1168,cheddar,1168
1169,cheerios,1169
1170,cheese,1170
1171,cheese and salsa dip,1171
1172,cheese cracker,1172
1173,cheese cracker crumb,1173
1174,cheese curd,1174
1175,cheese granule,1175
1176,cheese nip,1176
1177,cheese pasta sauce,1177
1178,cheese ravioli,1178
1179,cheese sauce,1179
1180,cheese sauce mix,1180
1181,cheese slice,1181
1182,cheese slouse,1182
1183,cheese soup,1183
1184,cheese spread,1184
1185,cheese stick,1185
1186,cheese tortellini,1186
1187,cheese wheel,1187
1188,cheese whiz,1188
1189,cheese-filled egg tortellini,1189
1190,cheese-filled tortellini,1190
1191,cheeseburger macaroni,1191
1192,cheesecake,1192
1193,cheesecake filling,1193
1194,cheesecake instant pudding and pie filling,1194
1195,cheesecake instant pudding and pie filling mix,1195
1196,cheesecloth,1196
1197,cheez whiz,1197
1198,cheez-it cracker,1198
1199,cherries in juice,1199
1200,cherries in syrup,1200
1201,cherry,1201
1202,cherry 7-up,1202
1203,cherry brandy,1203
1204,cherry chip,1204
1205,cherry cola,1205
1206,cherry cordial chocolate kiss,1206
1207,cherry dried cranberry,1207
1208,cherry extract,1208
1209,cherry frosting,1209
1210,cherry gelatin,1210
1211,cherry heering,1211
1212,cherry ice cream,1212
1213,cherry jam,1213
1214,cherry jell-o,1214
1215,cherry juice,1215
1216,cherry liqueur,1216
1217,cherry pepper,1217
1218,cherry pie filling,1218
1219,cherry powdered drink mix,1219
1220,cherry preserve,1220
1221,cherry soda,1221
1222,cherry syrup,1222
1223,cherry tomato,1223
1224,cherry vanilla yogurt,1224
1225,cherry vodka,1225
1226,cherry yogurt,1226
1227,cherrystone clam,1227
1228,chervil,1228
1229,cheshire cheese,1229
1230,chessmen cookies,1230
1231,chestnut,1231
1232,chestnut flmy,1232
1233,chestnut mushroom,1233
1234,chestnut puree,1234
1235,chevre cheese,1235
1236,chewing gum,1236
1237,chex cereal,1237
1238,chia seed,1238
1239,chianti wine,1239
1240,chicken,1240
1241,chicken and herb couscous mix,1241
1242,chicken and rice soup,1242
1243,chicken bacon,1243
1244,chicken base,1244
1245,chicken bone,1245
1246,chicken bouillon,1246
1247,chicken bouillon concentrate,1247
1248,chicken bouillon cube,1248
1249,chicken bouillon granule,1249
1250,chicken bouillon mix,1250
1251,chicken bouillon powder,1251
1252,chicken breast,1252
1253,chicken breast fillet,1253
1254,chicken breast half,1254
1255,chicken breast halve,1255
1256,chicken breast tender,1256
1257,chicken broth,1257
1258,chicken bullion cube,1258
1259,chicken carcas,1259
1260,chicken carcass,1260
1261,chicken chilli,1261
1262,chicken chunk,1262
1263,chicken coating mix,1263
1264,chicken consomme,1264
1265,chicken cutlet,1265
1266,chicken drummette,1266
1267,chicken drumstick,1267
1268,chicken fat,1268
1269,chicken fillet,1269
1270,chicken foot,1270
1271,chicken frankfurter,1271
1272,chicken giblet,1272
1273,chicken gizzard,1273
1274,chicken gravy,1274
1275,chicken gravy mix,1275
1276,chicken gumbo soup,1276
1277,chicken half,1277
1278,chicken in a biscuit cracker,1278
1279,chicken instant bouillon,1279
1280,chicken leg,1280
1281,chicken leg meat,1281
1282,chicken leg quarter,1282
1283,chicken legs-thigh,1283
1284,chicken meat,1284
1285,chicken mushroom soup,1285
1286,chicken noodle soup,1286
1287,chicken noodle soup mix,1287
1288,chicken part,1288
1289,chicken piece,1289
1290,chicken portion,1290
1291,chicken quarter,1291
1292,chicken ramen noodle,1292
1293,chicken seasoning,1293
1294,chicken soup,1294
1295,chicken soup base,1295
1296,chicken soup powder,1296
1297,chicken stock,1297
1298,chicken stock cube,1298
1299,chicken stock paste,1299
1300,chicken stock powder,1300
1301,chicken stove top stuffing mix,1301
1302,chicken strip,1302
1303,chicken stuffing mix,1303
1304,chicken tender,1304
1305,chicken tenderloin,1305
1306,chicken thigh,1306
1307,chicken thigh fillet,1307
1308,chicken thigh piece,1308
1309,chicken vegetarian seasoning,1309
1310,chicken wing,1310
1311,chicken wing sauce,1311
1312,chicken-filled tortellini,1312
1313,chickpea,1313
1314,chickpea flmy,1314
1315,chihuahua cheese,1315
1316,chile,1316
1317,chili,1317
1318,chili bean,1318
1319,chili bean paste,1319
1320,chili bean sauce,1320
1321,chili con carne,1321
1322,chili flake,1322
1323,chili hot bean,1323
1324,chili oil,1324
1325,chili paste,1325
1326,chili pepper,1326
1327,chili pepper flake,1327
1328,chili pod,1328
1329,chili powder,1329
1330,chili sauce,1330
1331,chili starter,1331
1332,chili vinegar,1332
1333,chili without bean,1333
1334,chili-garlic sauce,1334
1335,chili-ready tomato,1335
1336,chily,1336
1337,chimayo chili powder,1337
1338,chimichurri sauce,1338
1339,chinese barbecue pork,1339
1340,chinese bean paste,1340
1341,chinese black mushroom,1341
1342,chinese cabbage,1342
1343,chinese celery,1343
1344,chinese duck sauce,1344
1345,chinese egg noodle,1345
1346,chinese eggplant,1346
1347,chinese five spice powder,1347
1348,chinese hot mustard,1348
1349,chinese jujube,1349
1350,chinese mustard,1350
1351,chinese noodle,1351
1352,chinese pea pod,1352
1353,chinese rice wine,1353
1354,chinese salt,1354
1355,chinese sesame paste,1355
1356,chinese vegetable,1356
1357,chinese wheat noodle,1357
1358,chinese white rice vinegar,1358
1359,chinese wine,1359
1360,chinkiang vinegar,1360
1361,chip,1361
1362,chipit,1362
1363,chipotle chili seasoning,1363
1364,chipotle hot sauce,1364
1365,chipotle marinade,1365
1366,chipotle mustard,1366
1367,chipotle paste,1367
1368,chipotle pepper,1368
1369,chipotle salsa,1369
1370,chipped beef,1370
1371,chitterling,1371
1372,chive,1372
1373,chive blossom,1373
1374,choco-bake,1374
1375,chocolate,1375
1376,chocolate almond bark,1376
1377,chocolate and mint cookies,1377
1378,chocolate and mint swirled morsel,1378
1379,chocolate baking square,1379
1380,chocolate bar,1380
1381,chocolate bark,1381
1382,chocolate biscuit,1382
1383,chocolate bit,1383
1384,chocolate cake,1384
1385,chocolate candy,1385
1386,chocolate candy coating,1386
1387,chocolate candy melt,1387
1388,chocolate chip,1388
1389,chocolate chip cookie,1389
1390,chocolate chip cookie dough,1390
1391,chocolate chip cookie mix,1391
1392,chocolate chip cookies,1392
1393,chocolate chip ice cream,1393
1394,chocolate chunk,1394
1395,chocolate cookie crumb,1395
1396,chocolate cookie pie crust,1396
1397,chocolate cookies,1397
1398,chocolate cream-filled chocolate sandwich cookies,1398
1399,chocolate crisp rice cereal,1399
1400,chocolate crumb crust,1400
1401,chocolate crumb pie shell,1401
1402,chocolate cupcake,1402
1403,chocolate curl,1403
1404,chocolate egg,1404
1405,chocolate extract,1405
1406,chocolate frosting,1406
1407,chocolate frozen yogurt,1407
1408,chocolate fudge frosting,1408
1409,chocolate fudge instant pudding mix,1409
1410,chocolate fudge pudding mix,1410
1411,chocolate fudge topping,1411
1412,chocolate graham cracker,1412
1413,chocolate graham cracker crumb,1413
1414,chocolate graham wafer pie crust,1414
1415,chocolate hazelnut spread,1415
1416,chocolate ice cream,1416
1417,chocolate icing,1417
1418,chocolate instant pudding,1418
1419,chocolate instant pudding and pie filling mix,1419
1420,chocolate instant pudding and pie mix,1420
1421,chocolate instant pudding mix,1421
1422,chocolate kis,1422
1423,chocolate kiss,1423
1424,chocolate leaf,1424
1425,chocolate liqueur,1425
1426,chocolate malt powder,1426
1427,chocolate milk,1427
1428,chocolate morsel,1428
1429,chocolate mousse mix,1429
1430,chocolate nesquik powder,1430
1431,chocolate pie crust,1431
1432,chocolate piece,1432
1433,chocolate pound cake,1433
1434,chocolate protein powder,1434
1435,chocolate pudding,1435
1436,chocolate pudding mix,1436
1437,chocolate ripple biscuit,1437
1438,chocolate sauce,1438
1439,chocolate shaving,1439
1440,chocolate sorbet,1440
1441,chocolate soymilk,1441
1442,chocolate sprinkle,1442
1443,chocolate square,1443
1444,chocolate star,1444
1445,chocolate stick,1445
1446,chocolate swiss roll,1446
1447,chocolate syrup,1447
1448,chocolate truffle,1448
1449,chocolate wafer,1449
1450,chocolate wafer cookie,1450
1451,chocolate wafer cookies,1451
1452,chocolate wafer crumb,1452
1453,chocolate wafer pie crust,1453
1454,chocolate whey protein powder,1454
1455,chocolate whipped cream,1455
1456,chocolate-coated honeycomb candy,1456
1457,chocolate-covered almond,1457
1458,chocolate-covered caramel candy,1458
1459,chocolate-covered cherry,1459
1460,chocolate-covered coffee bean,1460
1461,chocolate-covered english toffee bar,1461
1462,chocolate-covered graham cracker cookies,1462
1463,chocolate-covered mint candy,1463
1464,chocolate-covered nut,1464
1465,chocolate-covered peanut,1465
1466,chocolate-covered peanut butter cup,1466
1467,chocolate-covered pretzel,1467
1468,chocolate-covered raisin,1468
1469,chocolate-covered toffee bit,1469
1470,chocolateing,1470
1471,chokecherry juice,1471
1472,choko,1472
1473,cholesterol-free egg noodle,1473
1474,cholesterol-free egg substitute,1474
1475,chop suey vegetable,1475
1476,chopped clam,1476
1477,chopped maple walnut,1477
1478,chopped mixed candied fruits and peel,1478
1479,chopped pimiento,1479
1480,chopped tomato,1480
1481,chow mein noodle,1481
1482,choy sum,1482
1483,chuck,1483
1484,chuck eye steak,1484
1485,chuck roast,1485
1486,chuck steak,1486
1487,chunk chicken,1487
1488,chunk light tuna,1488
1489,chunk pineapple,1489
1490,chunk tuna,1490
1491,chunky applesauce,1491
1492,chunky garden combination pasta sauce,1492
1493,chunky marinara sauce,1493
1494,chunky peanut butter,1494
1495,chunky picante sauce,1495
1496,chunky salsa,1496
1497,chunky tomato,1497
1498,chunky tomato pasta sauce,1498
1499,chutney,1499
1500,ciabatta roll,1500
1501,ciabattum,1501
1502,ciclon,1502
1503,cider,1503
1504,cider vinegar,1504
1505,cilantro,1505
1506,cilantro leaf,1506
1507,cilantro leaves and stem,1507
1508,cilantro root,1508
1509,cilantro salsa,1509
1510,cilantro stem,1510
1511,cinnamon,1511
1512,cinnamon apple tea bag,1512
1513,cinnamon applesauce,1513
1514,cinnamon baking chip,1514
1515,cinnamon bark,1515
1516,cinnamon chex cereal,1516
1517,cinnamon extract,1517
1518,cinnamon graham cracker,1518
1519,cinnamon graham cracker crumb,1519
1520,cinnamon ice cream,1520
1521,cinnamon oil,1521
1522,cinnamon raisin bagel,1522
1523,cinnamon raisin bread,1523
1524,cinnamon roll,1524
1525,cinnamon roll dough,1525
1526,cinnamon schnapp,1526
1527,cinnamon stick,1527
1528,cinnamon streusel muffin mix,1528
1529,cinnamon sugar,1529
1530,cinnamon syrup,1530
1531,cinnamon toast crunch cereal,1531
1532,cinnamon-raisin bread,1532
1533,cinnamon-sugar mixture,1533
1534,cinnamon-swirl bread,1534
1535,cipollini onion,1535
1536,citric acid,1536
1537,citron,1537
1538,citrus juice,1538
1539,citrus peel,1539
1540,citrus slice,1540
1541,citrus zest,1541
1542,citrus-infused vodka,1542
1543,clam,1543
1544,clam base,1544
1545,clam broth,1545
1546,clam chowder,1546
1547,clam juice,1547
1548,clamato juice,1548
1549,clams in shell,1549
1550,claret wine,1550
1551,clarified butter,1551
1552,clear creme de menthe,1552
1553,clear honey,1553
1554,clear jel,1554
1555,clementine,1555
1556,clementine juice,1556
1557,cling peach half,1557
1558,cloth,1558
1559,clotted cream,1559
1560,cloud ear mushroom,1560
1561,cloudberry,1561
1562,cloudberry jam,1562
1563,clove,1563
1564,clove oil,1564
1565,clove powder,1565
1566,club cracker,1566
1567,club soda,1567
1568,coarse black pepper,1568
1569,coarse grain mustard,1569
1570,coarse ground beef,1570
1571,coarse ground pepper,1571
1572,coarse kosher salt,1572
1573,coarse salt,1573
1574,coarse sea salt,1574
1575,coarse sugar,1575
1576,coarse unseasoned bread crumb,1576
1577,coarse-ground mustard,1577
1578,coating mix,1578
1579,coca-cola,1579
1580,cocktail frank,1580
1581,cocktail onion,1581
1582,coco lopez,1582
1583,coco pops cereal,1583
1584,cocoa,1584
1585,cocoa butter,1585
1586,cocoa krispies cereal,1586
1587,cocoa nib,1587
1588,cocoa pebbles cereal,1588
1589,cocoa powder,1589
1590,cocoa puffs cereal,1590
1591,coconut,1591
1592,coconut amino,1592
1593,coconut biscuit,1593
1594,coconut butter,1594
1595,coconut cookies,1595
1596,coconut cream,1596
1597,coconut cream pudding mix,1597
1598,coconut essence,1598
1599,coconut extract,1599
1600,coconut fat,1600
1601,coconut flake,1601
1602,coconut flmy,1602
1603,coconut juice,1603
1604,coconut liqueur,1604
1605,coconut macaroon,1605
1606,coconut meat,1606
1607,coconut milk,1607
1608,coconut milk powder,1608
1609,coconut oil,1609
1610,coconut paste,1610
1611,coconut pecan frosting,1611
1612,coconut pudding mix,1612
1613,coconut sorbet,1613
1614,coconut sugar,1614
1615,coconut sugar crystal,1615
1616,coconut syrup,1616
1617,coconut vinegar,1617
1618,coconut water,1618
1619,coconut yogurt,1619
1620,coconuting,1620
1621,cod,1621
1622,cod fish fillet,1622
1623,cod steak,1623
1624,coddled egg,1624
1625,coffee,1625
1626,coffee bean,1626
1627,coffee creamer,1627
1628,coffee extract,1628
1629,coffee frozen yogurt,1629
1630,coffee ice cream,1630
1631,coffee ice cube,1631
1632,coffee liqueur,1632
1633,coffee syrup,1633
1634,coffee yogurt,1634
1635,coffee-mate,1635
1636,cognac,1636
1637,cointreau liqueur,1637
1638,coke,1638
1639,cola,1639
1640,cola drink,1640
1641,colby,1641
1642,colby cheese,1642
1643,colby-monterey jack cheese,1643
1644,cold cut,1644
1645,cold water,1645
1646,coleman's dry mustard,1646
1647,coleslaw,1647
1648,coleslaw mix,1648
1649,collard green,1649
1650,colored ature marshmallow,1650
1651,colored crystal sugar,1651
1652,colored sprinkle,1652
1653,colored sugar sprinkle,1653
1654,comice pear,1654
1655,comino,1655
1656,complete caesar salad in a bag,1656
1657,complete pancake and waffle mix,1657
1658,comte cheese,1658
1659,concentrated tomato paste,1659
1660,conch,1660
1661,conchiglie,1661
1662,concord grape,1662
1663,condensed bean,1663
1664,condensed beef consomme,1664
1665,condensed chicken,1665
1666,condensed chicken gumbo soup,1666
1667,condensed chicken noodle soup,1667
1668,condensed cream of asparagus soup,1668
1669,condensed cream of broccoli soup,1669
1670,condensed cream of celery soup,1670
1671,condensed cream of chicken,1671
1672,condensed cream of chicken soup,1672
1673,condensed cream of mushroom & garlic soup,1673
1674,condensed cream of mushroom soup,1674
1675,condensed cream of potato soup,1675
1676,condensed cream of tomato soup,1676
1677,condensed french onion soup,1677
1678,condensed golden corn soup,1678
1679,condensed golden mushroom soup,1679
1680,condensed milk,1680
1681,condensed minestrone soup,1681
1682,condensed mushroom soup,1682
1683,condensed new england clam chowder,1683
1684,condensed pumpkin soup,1684
1685,condensed tomato soup,1685
1686,condensed vegetable beef soup,1686
1687,condensed vegetable broth,1687
1688,condiment,1688
1689,confectioners' sugar,1689
1690,consomme,1690
1691,contadina diced tomato,1691
1692,contadina tomato paste,1692
1693,contadina tomato sauce,1693
1694,converted long grain rice,1694
1695,converted rice,1695
1696,converted white rice,1696
1697,convertedrice,1697
1698,cooked angel hair pastum,1698
1699,cooked bacon,1699
1700,cooked barley,1700
1701,cooked basmati rice,1701
1702,cooked beef,1702
1703,cooked beet,1703
1704,cooked bow tie pastum,1704
1705,cooked broccoli,1705
1706,cooked brown rice,1706
1707,cooked chicken,1707
1708,cooked chicken breast,1708
1709,cooked chicken breast half,1709
1710,cooked chicken breast strip,1710
1711,cooked converted rice,1711
1712,cooked corkscrew macaroni,1712
1713,cooked corned beef,1713
1714,cooked couscou,1714
1715,cooked crab meat,1715
1716,cooked ditalini,1716
1717,cooked egg noodle,1717
1718,cooked elbow macaroni,1718
1719,cooked farfalle pastum,1719
1720,cooked fettuccine,1720
1721,cooked grit,1721
1722,cooked ground beef,1722
1723,cooked ham,1723
1724,cooked jasmine rice,1724
1725,cooked lamb,1725
1726,cooked lasagna noodle,1726
1727,cooked lean ground beef,1727
1728,cooked lentil,1728
1729,cooked linguine,1729
1730,cooked lobster meat,1730
1731,cooked long-grain brown rice,1731
1732,cooked long-grain rice,1732
1733,cooked macaroni,1733
1734,cooked medium-grain rice,1734
1735,cooked minute rice,1735
1736,cooked noodle,1736
1737,cooked oatmeal,1737
1738,cooked orzo pastum,1738
1739,cooked pasta shell,1739
1740,cooked pastum,1740
1741,cooked pearl barley,1741
1742,cooked penne,1742
1743,cooked pork,1743
1744,cooked pumpkin,1744
1745,cooked quinoa,1745
1746,cooked rice,1746
1747,cooked rigatoni pastum,1747
1748,cooked rotini,1748
1749,cooked salmon,1749
1750,cooked scallop,1750
1751,cooked short-grain brown rice,1751
1752,cooked short-grain rice,1752
1753,cooked short-grain white rice,1753
1754,cooked shrimp,1754
1755,cooked small shell pastum,1755
1756,cooked soba noodle,1756
1757,cooked spaghettus,1757
1758,cooked spiral shaped pastum,1758
1759,cooked sushi rice,1759
1760,cooked sweet potato,1760
1761,cooked tri-colored pastum,1761
1762,cooked turkey,1762
1763,cooked turkey bacon,1763
1764,cooked turkey breast,1764
1765,cooked vermicelli,1765
1766,cooked white rice,1766
1767,cooked whole grain brown rice,1767
1768,cooked whole wheat noodle,1768
1769,cooked whole wheat spaghettus,1769
1770,cooked wild rice,1770
1771,cooked yellow rice,1771
1772,cooked zitus,1772
1773,cookie,1773
1774,cookie crumb,1774
1775,cookie cutter,1775
1776,cookie dough,1776
1777,cookie mix,1777
1778,cookies,1778
1779,cookies & cream ice cream,1779
1780,cooking apple,1780
1781,cooking creme,1781
1782,cooking fat,1782
1783,cooking oil,1783
1784,cooking onion,1784
1785,cooking sherry,1785
1786,cooking spray,1786
1787,cooking wine,1787
1788,cool ranch dorito,1788
1789,cool whip,1789
1790,cool whip free,1790
1791,cool whip lite,1791
1792,cool whip topping,1792
1793,cooper sharp cheese,1793
1794,copha,1794
1795,coriander,1795
1796,coriander leaf,1796
1797,coriander powder,1797
1798,coriander root,1798
1799,coriander seed,1799
1800,coriander sprig,1800
1801,coriander-cumin powder,1801
1802,corkscrew macaroni,1802
1803,corn,1803
1804,corn and black bean salsa,1804
1805,corn beef hash,1805
1806,corn chex,1806
1807,corn chip,1807
1808,corn chowder,1808
1809,corn cob,1809
1810,corn flake,1810
1811,corn flake crumb,1811
1812,corn flakes cereal,1812
1813,corn husk,1813
1814,corn kernel,1814
1815,corn mixed,1815
1816,corn muffin,1816
1817,corn muffin mix,1817
1818,corn niblet,1818
1819,corn oil,1819
1820,corn oil margarine,1820
1821,corn on the cob,1821
1822,corn pops cereal,1822
1823,corn puff,1823
1824,corn syrup,1824
1825,cornbread,1825
1826,corned beef,1826
1827,corned beef brisket,1827
1828,cornflmy,1828
1829,cornichon,1829
1830,cornish hen,1830
1831,cornmeal,1831
1832,cornmeal mix,1832
1833,cornstarch,1833
1834,cornstarch paste,1834
1835,corona beer,1835
1836,cortland apple,1836
1837,cotija cheese,1837
1838,cottage cheese,1838
1839,cottage roll,1839
1840,cotto salami,1840
1841,cotton ball,1841
1842,cotton string,1842
1843,country biscuit,1843
1844,country bob all purpose sauce,1844
1845,country bread,1845
1846,country cream gravy,1846
1847,country crock,1847
1848,country gravy mix,1848
1849,country ham,1849
1850,country rib,1850
1851,country time lemonade mix,1851
1852,courgette,1852
1853,court bouillon,1853
1854,couscou,1854
1855,crab,1855
1856,crab base,1856
1857,crab boil,1857
1858,crab boil seasoning,1858
1859,crab claw,1859
1860,crab claw meat,1860
1861,crab delights imitation crab,1861
1862,crab leg,1862
1863,crab roe,1863
1864,crab salad,1864
1865,crabapple,1865
1866,crabmeat,1866
1867,cracked black pepper,1867
1868,cracked bulgur wheat,1868
1869,cracked farro,1869
1870,cracked ice,1870
1871,cracked pepper,1871
1872,cracked wheat,1872
1873,cracker,1873
1874,cracker crumb,1874
1875,cracker girl all-purpose seasoning,1875
1876,cracker meal,1876
1877,cracklin' oat bran cereal,1877
1878,crackling,1878
1879,craisin,1879
1880,cran-raspberry juice,1880
1881,cranberry,1881
1882,cranberry almond crunch cereal,1882
1883,cranberry bean,1883
1884,cranberry chutney,1884
1885,cranberry gelatin,1885
1886,cranberry jell-o gelatin,1886
1887,cranberry jelly,1887
1888,cranberry juice,1888
1889,cranberry juice cocktail,1889
1890,cranberry juice concentrate,1890
1891,cranberry liqueur,1891
1892,cranberry orange sauce,1892
1893,cranberry sauce,1893
1894,cranberry vodka,1894
1895,cranberry-apple juice,1895
1896,cranberry-grape juice,1896
1897,cranberry-orange relish,1897
1898,cranberry-orange sauce,1898
1899,cranberry-peach juice,1899
1900,cranberry-raspberry juice,1900
1901,crappie fillet,1901
1902,crawfish,1902
1903,crawfish meat,1903
1904,crawfish tail,1904
1905,crawfish tail meat,1905
1906,crayfish tail,1906
1907,crazy salt,1907
1908,cre mushroom,1908
1909,cream,1909
1910,cream cheese,1910
1911,cream of asparagus soup,1911
1912,cream of broccoli soup,1912
1913,cream of broccoli soup mix,1913
1914,cream of celery soup,1914
1915,cream of chicken and broccoli soup,1915
1916,cream of chicken and mushroom soup,1916
1917,cream of chicken soup,1917
1918,cream of chicken soup mix,1918
1919,cream of coconut,1919
1920,cream of mushroom soup,1920
1921,cream of onion soup,1921
1922,cream of potato soup,1922
1923,cream of shrimp soup,1923
1924,cream of spinach soup mix,1924
1925,cream of tartar,1925
1926,cream of tomato soup,1926
1927,cream of wheat,1927
1928,cream sherry,1928
1929,cream soda,1929
1930,cream soup,1930
1931,cream-filled chocolate sandwich cookies,1931
1932,creamed coconut,1932
1933,creamed corn,1933
1934,creamed honey,1934
1935,creamed horseradish,1935
1936,creamed spinach,1936
1937,creamy chicken verde soup,1937
1938,creamy peanut butter,1938
1939,creamy ranchero tomato soup,1939
1940,crema,1940
1941,creme de banane,1941
1942,creme de cacao,1942
1943,creme de cassi,1943
1944,creme de coconut,1944
1945,creme de menthe,1945
1946,creme de menthe baking chip,1946
1947,creme de menthe coffee syrup,1947
1948,creme de menthe thin candy,1948
1949,creme de noyaux,1949
1950,creme fraiche,1950
1951,creme-filled chocolate sandwich cookies,1951
1952,cremora,1952
1953,creole mustard,1953
1954,creole seasoning,1954
1955,creole spice,1955
1956,crepe,1956
1957,crescent recipe creations refrigerated flaky dough sheet,1957
1958,crescent roll,1958
1959,crescent roll dough,1959
1960,crisco,1960
1961,crisp bacon,1961
1962,crisp chow mein noodle,1962
1963,crisp red apple,1963
1964,crisp rice cereal,1964
1965,crisp salad green,1965
1966,crispix cereal,1966
1967,crispy brown rice cereal,1967
1968,crispy rice cereal,1968
1969,crispy wheat cereal square,1969
1970,croissant,1970
1971,crookneck yellow squash,1971
1972,cross-rib roast,1972
1973,crostini,1973
1974,crouton,1974
1975,crowder pea,1975
1976,crown royal whiskey,1976
1977,crumb topping,1977
1978,crumpet,1978
1979,crunch bar,1979
1980,crunchy cheetos cheese snack,1980
1981,crunchy peanut butter,1981
1982,crushed pineapple,1982
1983,crushed pineapple in juice,1983
1984,crushed pineapple in syrup,1984
1985,crushed plum tomato,1985
1986,crushed red pepper flake,1986
1987,crushed tomato,1987
1988,crushed tomatoes in puree,1988
1989,crushed unsweetened pineapple,1989
1990,crusty bread,1990
1991,crusty bread roll,1991
1992,crusty cobb loaf,1992
1993,crusty hamburger bun,1993
1994,crusty italian bread,1994
1995,crystal hot sauce,1995
1996,crystallized ginger,1996
1997,cuban bread,1997
1998,cubanelle pepper,1998
1999,cube steak,1999
2000,cubed ham,2000
2001,cucumber,2001
2002,cucumber relish,2002
2003,cucuzza,2003
2004,cuervo tequila,2004
2005,culantro,2005
2006,cultured buttermilk,2006
2007,cumin,2007
2008,cumin coriander powder,2008
2009,cumin powder,2009
2010,cumin seed,2010
2011,cupcake,2011
2012,cupcake liner,2012
2013,curacao,2013
2014,curd,2014
2015,curing salt,2015
2016,currant,2016
2017,currant jelly,2017
2018,currant juice,2018
2019,curry,2019
2020,curry leaf,2020
2021,curry paste,2021
2022,curry powder,2022
2023,curry sauce,2023
2024,custard,2024
2025,custard powder,2025
2026,cut green bean,2026
2027,cut wax bean,2027
2028,cut yams in syrup,2028
2029,cuttlefish,2029
2030,daikon radish,2030
2031,daikon sprout,2031
2032,dairy eggnog,2032
2033,dairy-free margarine,2033
2034,dal,2034
2035,dale's steak seasoning,2035
2036,dandelion flower,2036
2037,dandelion green,2037
2038,danish blue cheese,2038
2039,danish dessert mix,2039
2040,darjeeling tea,2040
2041,darjeeling tea bag,2041
2042,dark amber maple syrup,2042
2043,dark baking chocolate,2043
2044,dark beer,2044
2045,dark brown sugar,2045
2046,dark cherry,2046
2047,dark chili powder,2047
2048,dark chocolate,2048
2049,dark chocolate bar,2049
2050,dark chocolate brownie mix,2050
2051,dark chocolate chip,2051
2052,dark chocolate confectionary coating,2052
2053,dark chocolate couverture,2053
2054,dark chocolate frosting,2054
2055,dark chocolate kiss,2055
2056,dark chocolate melt,2056
2057,dark chocolate shaving,2057
2058,dark chocolate square,2058
2059,dark chocolate syrup,2059
2060,dark cocoa,2060
2061,dark cooking chocolate,2061
2062,dark corn syrup,2062
2063,dark creme de cacao,2063
2064,dark karo syrup,2064
2065,dark miso,2065
2066,dark molass,2066
2067,dark muscovado sugar,2067
2068,dark mustard,2068
2069,dark raisin,2069
2070,dark roast coffee,2070
2071,dark roux,2071
2072,dark rye,2072
2073,dark rye bread,2073
2074,dark rye flmy,2074
2075,dark seedless raisin,2075
2076,dark sesame oil,2076
2077,dark soya sauce,2077
2078,dark sweet cherry,2078
2079,dark turkey meat,2079
2080,dark unsweetened cocoa,2080
2081,dashi,2081
2082,dashi powder,2082
2083,dashi stock,2083
2084,dashida,2084
2085,date,2085
2086,date bread mix,2086
2087,date filling,2087
2088,date sugar,2088
2089,date syrup,2089
2090,day-old french bread,2090
2091,day-old white bread,2091
2092,daylily flower bud,2092
2093,de-fatted chicken stock,2093
2094,decaffeinated tea bag,2094
2095,decorating gel,2095
2096,decorative candy,2096
2097,decorator sugar,2097
2098,deep dish pie crust,2098
2099,deep dish pie shell,2099
2100,deep fat,2100
2101,deep frying oil,2101
2102,deer,2102
2103,deer chop,2103
2104,deer roast,2104
2105,dehydrated onion,2105
2106,deli chicken,2106
2107,deli corned beef,2107
2108,deli ham,2108
2109,deli peppered turkey breast,2109
2110,deli roast beef,2110
2111,deli turkey,2111
2112,delicata squash,2112
2113,delmonte stewed tomato,2113
2114,demerara sugar,2114
2115,demi-glace,2115
2116,dense bread,2116
2117,desiccated coconut,2117
2118,desiccated unsweetened coconut,2118
2119,dessert apple,2119
2120,dessert pear,2120
2121,dessert topping,2121
2122,deviled ham,2122
2123,dhaniya powder,2123
2124,diamond walnut,2124
2125,diced fire-roasted tomato,2125
2126,diced green chili,2126
2127,diced green chily,2127
2128,diced onion,2128
2129,diced pimento,2129
2130,diced potato,2130
2131,diced tomato,2131
2132,diced tomatoes in tomato puree,2132
2133,diet 7-up,2133
2134,diet cherry soda,2134
2135,diet coke,2135
2136,diet cola,2136
2137,diet dr. pepper soda,2137
2138,diet ginger ale,2138
2139,diet jelly crystal,2139
2140,diet lemon-lime soda,2140
2141,diet lemonade,2141
2142,diet orange soda,2142
2143,diet pepsi,2143
2144,diet root beer,2144
2145,diet soda,2145
2146,diet sprite,2146
2147,digestive biscuit,2147
2148,dijon mustard,2148
2149,dijon-horseradish mustard,2149
2150,dijonnaise mustard,2150
2151,dill,2151
2152,dill dip,2152
2153,dill flower,2153
2154,dill leaf,2154
2155,dill relish,2155
2156,dill sauce,2156
2157,dill seed,2157
2158,dill sprig,2158
2159,dill weed,2159
2160,ding dong chocolate snack cake,2160
2161,dinner roll,2161
2162,dipper,2162
2163,dipping chocolate,2163
2164,dipping sauce,2164
2165,dirty rice mix,2165
2166,disco,2166
2167,disposable spoon,2167
2168,distilled vinegar,2168
2169,distilled water,2169
2170,distilled white vinegar,2170
2171,ditali pastum,2171
2172,ditalini,2172
2173,dolcelatte,2173
2174,dole coleslaw,2174
2175,dole pineapple slice,2175
2176,dorito,2176
2177,dory fillet,2177
2178,double chocolate brownie mix,2178
2179,double chocolate chip,2179
2180,double chocolate chunk cookie mix,2180
2181,double cream,2181
2182,double cream brie cheese,2182
2183,double crust,2183
2184,double crust pie crust,2184
2185,double devon cream,2185
2186,double gloucester cheese,2186
2187,double-acting baking powder,2187
2188,double-crust pie shell,2188
2189,dough enhancer,2189
2190,doughnut,2190
2191,doughnut hole,2191
2192,dove,2192
2193,dove breast,2193
2194,dove dark chocolate ature,2194
2195,dr. pepper cola,2195
2196,dragee,2196
2197,drambuie,2197
2198,dream whip,2198
2199,dream whip topping mix,2199
2200,dressing,2200
2201,dried ancho pepper,2201
2202,dried anchovy,2202
2203,dried anise,2203
2204,dried apple,2204
2205,dried apple ring,2205
2206,dried apricot,2206
2207,dried apricot half,2207
2208,dried baby lima bean,2208
2209,dried banana,2209
2210,dried banana piece,2210
2211,dried barberry,2211
2212,dried basil,2212
2213,dried basil leaf,2213
2214,dried bay leaf,2214
2215,dried bean,2215
2216,dried bean mix,2216
2217,dried beef,2217
2218,dried black bean,2218
2219,dried black fig,2219
2220,dried black fungu,2220
2221,dried black mushroom,2221
2222,dried black turtle bean,2222
2223,dried black-eyed pea,2223
2224,dried blueberry,2224
2225,dried bread,2225
2226,dried breadcrumb,2226
2227,dried brown lentil,2227
2228,dried butter bean,2228
2229,dried calimyrna fig,2229
2230,dried cannellini bean,2230
2231,dried cayenne pepper,2231
2232,dried celery flake,2232
2233,dried chamomile,2233
2234,dried cherry,2234
2235,dried chervil,2235
2236,dried chili,2236
2237,dried chili pepper flake,2237
2238,dried chili pod,2238
2239,dried chily,2239
2240,dried chinese mushroom,2240
2241,dried chipotle pepper,2241
2242,dried chipotle powder,2242
2243,dried chive,2243
2244,dried cilantro,2244
2245,dried coconut,2245
2246,dried coriander,2246
2247,dried coriander leaf,2247
2248,dried corn kernel,2248
2249,dried cracked corn,2249
2250,dried craisin,2250
2251,dried cranberry,2251
2252,dried cranberry bean,2252
2253,dried currant,2253
2254,dried curry leaf,2254
2255,dried date,2255
2256,dried dill,2256
2257,dried dill seed,2257
2258,dried dill weed,2258
2259,dried fava bean,2259
2260,dried fennel,2260
2261,dried fennel seed,2261
2262,dried fenugreek leaf,2262
2263,dried fig,2263
2264,dried fine herb,2264
2265,dried fish flake,2265
2266,dried fruit,2266
2267,dried funghi porcini,2267
2268,dried garbanzo bean,2268
2269,dried garlic,2269
2270,dried garlic flake,2270
2271,dried ginger,2271
2272,dried great northern bean,2272
2273,dried greek oregano,2273
2274,dried guajillo chily,2274
2275,dried herb,2275
2276,dried hibiscus flower,2276
2277,dried hijiki seaweed,2277
2278,dried hot chili pepper,2278
2279,dried hot pepper,2279
2280,dried hot red chili pepper,2280
2281,dried hot red chily,2281
2282,dried italian herb seasoning,2282
2283,dried italian seasoning,2283
2284,dried jalapeno pepper,2284
2285,dried kaffir lime leaf,2285
2286,dried kasha,2286
2287,dried kelp,2287
2288,dried large lima bean,2288
2289,dried lavender,2289
2290,dried lavender blossom,2290
2291,dried lavender flower,2291
2292,dried leaf basil,2292
2293,dried leaf marjoram,2293
2294,dried leaf thyme,2294
2295,dried lemon balm leaf,2295
2296,dried lemon gras,2296
2297,dried lemon peel,2297
2298,dried lemon verbena,2298
2299,dried lemongras,2299
2300,dried lentil,2300
2301,dried lima bean,2301
2302,dried lime,2302
2303,dried mango,2303
2304,dried marjoram,2304
2305,dried mediterranean oregano,2305
2306,dried mexican oregano,2306
2307,dried mild red chili pepper,2307
2308,dried mint,2308
2309,dried mint flake,2309
2310,dried mission fig,2310
2311,dried mixed fruit,2311
2312,dried morel,2312
2313,dried mulberry,2313
2314,dried mushroom,2314
2315,dried mustard,2315
2316,dried navy bean,2316
2317,dried onion,2317
2318,dried onion flake,2318
2319,dried orange peel,2319
2320,dried oregano,2320
2321,dried oregano leaf,2321
2322,dried oyster,2322
2323,dried papaya,2323
2324,dried parsley,2324
2325,dried parsley flake,2325
2326,dried pasilla pepper,2326
2327,dried pasta shape,2327
2328,dried pea,2328
2329,dried peach,2329
2330,dried pear,2330
2331,dried pear half,2331
2332,dried peppermint,2332
2333,dried pineapple,2333
2334,dried pink bean,2334
2335,dried pink lentil,2335
2336,dried pinto bean,2336
2337,dried pitted prune,2337
2338,dried plum,2338
2339,dried porcini mushroom,2339
2340,dried prune,2340
2341,dried red bean,2341
2342,dried red chili,2342
2343,dried red chili pepper,2343
2344,dried red chily,2344
2345,dried red lentil,2345
2346,dried red pepper,2346
2347,dried red pepper flake,2347
2348,dried rice noodle,2348
2349,dried rose petal,2349
2350,dried rosemary,2350
2351,dried rosemary leaf,2351
2352,dried rubbed sage,2352
2353,dried sage,2353
2354,dried salt cod fish,2354
2355,dried savory,2355
2356,dried scallop,2356
2357,dried shiitake mushroom,2357
2358,dried shredded coconut,2358
2359,dried shrimp,2359
2360,dried shrimp paste,2360
2361,dried small red chily,2361
2362,dried sour cherry,2362
2363,dried soybean,2363
2364,dried spearmint,2364
2365,dried split green pea,2365
2366,dried split pea,2366
2367,dried split yellow pea,2367
2368,dried strawberry,2368
2369,dried summer savory,2369
2370,dried sweet basil leaf,2370
2371,dried sweetened cranberry,2371
2372,dried tamarind,2372
2373,dried tangerine peel,2373
2374,dried tarragon,2374
2375,dried tarragon leaf,2375
2376,dried tart cherry,2376
2377,dried tepin chily,2377
2378,dried thyme,2378
2379,dried thyme leaf,2379
2380,dried tomato,2380
2381,dried tomatoe,2381
2382,dried tropical fruit,2382
2383,dried tubular pastum,2383
2384,dried unsulfured apricot,2384
2385,dried vegetable flake,2385
2386,dried white bean,2386
2387,dried white pea bean,2387
2388,dried whole corn,2388
2389,dried whole dill weed,2389
2390,dried whole green pea,2390
2391,dried whole thyme,2391
2392,dried wild mushroom,2392
2393,dried wood ear mushroom,2393
2394,dried yellow pea,2394
2395,drinking chocolate,2395
2396,dripping,2396
2397,dry 18 bean soup mix,2397
2398,dry ancho chily,2398
2399,dry basil,2399
2400,dry basil leaf,2400
2401,dry bow tie pastum,2401
2402,dry bread,2402
2403,dry bread cube,2403
2404,dry breadcrumb,2404
2405,dry buttermilk,2405
2406,dry champagne,2406
2407,dry chili pepper,2407
2408,dry cider,2408
2409,dry coconut powder,2409
2410,dry crushed red pepper,2410
2411,dry curd cottage cheese,2411
2412,dry dill weed,2412
2413,dry enchilada mix,2413
2414,dry fettuccine,2414
2415,dry gin,2415
2416,dry green lentil,2416
2417,dry ice,2417
2418,dry infant rice cereal,2418
2419,dry instant coffee,2419
2420,dry lasagna noodle,2420
2421,dry lentil,2421
2422,dry linguine,2422
2423,dry marsala,2423
2424,dry marsala wine,2424
2425,dry milk,2425
2426,dry milk powder,2426
2427,dry milk solid,2427
2428,dry mixed bean,2428
2429,dry mushroom soup mix,2429
2430,dry mustard,2430
2431,dry northern white bean,2431
2432,dry onion,2432
2433,dry onion flake,2433
2434,dry onion soup mix,2434
2435,dry oregano,2435
2436,dry oregano leaf,2436
2437,dry parmesan cheese,2437
2438,dry parsley flake,2438
2439,dry pasta shell macaroni,2439
2440,dry pastum,2440
2441,dry pectin,2441
2442,dry penne pastum,2442
2443,dry pinto bean,2443
2444,dry red pepper,2444
2445,dry red wine,2445
2446,dry roasted peanut,2446
2447,dry roasted salted peanut,2447
2448,dry roasted sunflower seed,2448
2449,dry rub seasoning,2449
2450,dry salami,2450
2451,dry sherry,2451
2452,dry steak seasoning,2452
2453,dry tapioca,2453
2454,dry tarragon,2454
2455,dry thyme leaf,2455
2456,dry vegetable soup mix,2456
2457,dry vermouth,2457
2458,dry white bean,2458
2459,dry white bread,2459
2460,dry white vermouth,2460
2461,dry white wine,2461
2462,dry whole grain breadcrumb,2462
2463,dry whole wheat breadcrumb,2463
2464,dry wine,2464
2465,dry-roasted cashew,2465
2466,dry-roasted pecan,2466
2467,dry-roasted unsalted peanut,2467
2468,duck,2468
2469,duck breast,2469
2470,duck breast half,2470
2471,duck fat,2471
2472,duck leg,2472
2473,duck stock,2473
2474,duckling,2474
2475,dukkah,2475
2476,dulce de leche,2476
2477,dulce de leche ice cream,2477
2478,dulse flake,2478
2479,dulse seaweed,2479
2480,dumpling,2480
2481,dumpling wrapper,2481
2482,dungeness crab,2482
2483,dungeness crabmeat,2483
2484,dutch process cocoa,2484
2485,dutch-processed cocoa powder,2485
2486,eaglecondensed milk,2486
2487,ear of corn,2487
2488,earl grey tea,2488
2489,earl grey teabag,2489
2490,ears of corn,2490
2491,earth balance margarine,2491
2492,earth balance natural buttery spread,2492
2493,edam cheese,2493
2494,edamame,2494
2495,edible glitter,2495
2496,edible orchid,2496
2497,edible silver foil,2497
2498,eel,2498
2499,egg,2499
2500,egg beaters egg substitute,2500
2501,egg beaters garden vegetable egg substitute,2501
2502,egg bread,2502
2503,egg noodle,2503
2504,egg roll,2504
2505,egg roll wrap,2505
2506,egg substitute,2506
2507,egg tomato,2507
2508,egg wash,2508
2509,egg white,2509
2510,egg white powder,2510
2511,egg white substitute,2511
2512,egg yolk,2512
2513,egg-free pastum,2513
2514,eggnog,2514
2515,eggnog ice cream,2515
2516,eggplant,2516
2517,eggplant dip,2517
2518,elbow macaroni,2518
2519,elderberry,2519
2520,elderberry flower,2520
2521,elderflower cordial,2521
2522,elderflower head,2522
2523,elephant garlic,2523
2524,elephant garlic clove,2524
2525,elk meat,2525
2526,elk steak,2526
2527,emeril's essence,2527
2528,emmenthaler cheese,2528
2529,empanada wrapper,2529
2530,enchilada sauce,2530
2531,endife,2531
2532,endive,2532
2533,ener-g egg substitute,2533
2534,english cucumber,2534
2535,english muffin,2535
2536,english mustard,2536
2537,english mustard powder,2537
2538,english pea,2538
2539,english seedless cucumber,2539
2540,english toffee,2540
2541,english toffee bit,2541
2542,english toffee syrup,2542
2543,english walnut,2543
2544,enoki mushroom,2544
2545,enriched flmy,2545
2546,epazote,2546
2547,epazote leaf,2547
2548,epsom salt,2548
2549,erythritol,2549
2550,escargot,2550
2551,escarole,2551
2552,espresso,2552
2553,espresso bean,2553
2554,espresso coffee,2554
2555,espresso granule,2555
2556,espresso powder,2556
2557,essential oil,2557
2558,evaporated cane juice,2558
2559,evaporated milk,2559
2560,evaporated skim milk,2560
2561,everclear alcohol,2561
2562,extract,2562
2563,eye of round beef steak,2563
2564,eye of round roast,2564
2565,fajita chicken strip,2565
2566,fakin' bakin,2566
2567,falafel mix,2567
2568,family-size tea bag,2568
2569,farfalle pastum,2569
2570,farfel,2570
2571,farina,2571
2572,farl soda bread,2572
2573,farmer cheese,2573
2574,fat,2574
2575,fat buttermilk,2575
2576,fat cottage cheese,2576
2577,fat ricotta cheese,2577
2578,fat salt pork,2578
2579,fava bean,2579
2580,fava bean flmy,2580
2581,featherweight baking powder,2581
2582,feijoa,2582
2583,fennel,2583
2584,fennel bulb,2584
2585,fennel leaf,2585
2586,fennel powder,2586
2587,fennel seed,2587
2588,fenugreek leaf,2588
2589,fenugreek seed,2589
2590,fermented black bean,2590
2591,feta cheese,2591
2592,fettuccine,2592
2593,fettuccine pastum,2593
2594,fetum,2594
2595,fiber one cereal,2595
2596,fiber one honey clusters cereal,2596
2597,fiber supplement,2597
2598,fiddlehead,2598
2599,fideo,2599
2600,field green,2600
2601,field mushroom,2601
2602,fiesta nacho cheese soup,2602
2603,fig,2603
2604,fig jam,2604
2605,fig preserve,2605
2606,filbert,2606
2607,file powder,2607
2608,filet mignon,2608
2609,filet mignon steak,2609
2610,filet of beef,2610
2611,fillet,2611
2612,fillet of sole,2612
2613,fillets of sole,2613
2614,filo pastry,2614
2615,filter coffee,2615
2616,fine bread crumb,2616
2617,fine breadcrumb,2617
2618,fine chocolate wafer crumb,2618
2619,fine cracker crumb,2619
2620,fine dry breadcrumb,2620
2621,fine egg noodle,2621
2622,fine graham cracker crumb,2622
2623,fine matzo meal,2623
2624,fine noodle,2624
2625,fine salt,2625
2626,fine sea salt,2626
2627,fine semolina,2627
2628,fine soft bread crumb,2628
2629,fine sugar,2629
2630,finely granulated sugar,2630
2631,finely shredded four cheese,2631
2632,fines herbe,2632
2633,fingerling potato,2633
2634,finnan haddie,2634
2635,fire oil,2635
2636,fire-roasted tomato,2636
2637,fireweed blossom,2637
2638,firm banana,2638
2639,firm butter,2639
2640,firm margarine,2640
2641,firm peach,2641
2642,firm silken tofu,2642
2643,firm tofu,2643
2644,firm tomato,2644
2645,firm white fish,2645
2646,fish,2646
2647,fish bone,2647
2648,fish bouillon cube,2648
2649,fish cake,2649
2650,fish curry powder,2650
2651,fish fillet,2651
2652,fish oil,2652
2653,fish roe,2653
2654,fish sauce,2654
2655,fish seasoning,2655
2656,fish steak,2656
2657,fish stock,2657
2658,fisher dried sweetened cranberry,2658
2659,five cheese blend,2659
2660,five-grain cereal,2660
2661,five-spice powder,2661
2662,five-spice seasoning,2662
2663,flageolet bean,2663
2664,flake sweetened coconut,2664
2665,flaked coconut,2665
2666,flaked sea salt,2666
2667,flakey biscuit,2667
2668,flank steak,2668
2669,flat bread,2669
2670,flat egg noodle,2670
2671,flat iron steak,2671
2672,flat leaf parsley,2672
2673,flat rice noodle,2673
2674,flat-leaf italian parsley,2674
2675,flavor enhancer,2675
2676,flavored oil,2676
2677,flavoring,2677
2678,flax seed,2678
2679,flax seed meal,2679
2680,flax seed oil,2680
2681,fleischmann's margarine,2681
2682,fleur de sel,2682
2683,flmy,2683
2684,flounder,2684
2685,flounder fillet,2685
2686,floury potato,2686
2687,flower pot,2687
2688,fluffy white frosting,2688
2689,focaccia bread,2689
2690,focaccia roll,2690
2691,foie gra,2691
2692,foil liner,2692
2693,fontina,2693
2694,fontina cheese,2694
2695,fontinella cheese,2695
2696,food coloring,2696
2697,food coloring paste,2697
2698,for pork,2698
2699,four cheese blend,2699
2700,four cheese pasta sauce,2700
2701,four-bean mix,2701
2702,four-cheese mexican blend cheese,2702
2703,four-cheese ravioli,2703
2704,fowl,2704
2705,framboise eau-de-vie,2705
2706,framboise liqueur,2706
2707,frangelico,2707
2708,frangelico liqueur,2708
2709,frank,2709
2710,frank's red hot sauce,2710
2711,frankfurter,2711
2712,frankfurter bun,2712
2713,free-range chicken,2713
2714,free-range egg,2714
2715,freezer jam pectin,2715
2716,french baguette,2716
2717,french bean,2717
2718,french bread,2718
2719,french bread cube,2719
2720,french bread dough,2720
2721,french dijon mustard,2721
2722,french fried onion ring,2722
2723,french fried onions ring,2723
2724,french fry,2724
2725,french haricots vert,2725
2726,french herb roasting rub,2726
2727,french lentil,2727
2728,french mustard,2728
2729,french onion dip,2729
2730,french onion soup,2730
2731,french onion soup mix,2731
2732,french parfait amour liqueur,2732
2733,french roll,2733
2734,french tarragon,2734
2735,french thyme,2735
2736,french vanilla cafe instant coffee,2736
2737,french vanilla coffee creamer,2737
2738,french vanilla cool whip,2738
2739,french vanilla ice cream,2739
2740,french vanilla instant pudding,2740
2741,french vanilla liquid coffee creamer,2741
2742,french vanilla non-dairy coffee creamer,2742
2743,french vanilla powdered coffee creamer,2743
2744,french vanilla pudding and pie filling mix,2744
2745,french vanilla pudding mix,2745
2746,french vanilla yogurt,2746
2747,french's french fried onion,2747
2748,french's mustard,2748
2749,french-fried onion,2749
2750,french-fried potato,2750
2751,fresca soda,2751
2752,fresh ahi tuna,2752
2753,fresh apple juice,2753
2754,fresh apricot,2754
2755,fresh asian basil,2755
2756,fresh asparagu,2756
2757,fresh basil,2757
2758,fresh basil leaf,2758
2759,fresh bay leaf,2759
2760,fresh bean sprout,2760
2761,fresh black pepper,2761
2762,fresh blackberry,2762
2763,fresh blueberry,2763
2764,fresh breadcrumb,2764
2765,fresh broccoli,2765
2766,fresh broccoli floret,2766
2767,fresh brussels sprout,2767
2768,fresh button mushroom,2768
2769,fresh carrot,2769
2770,fresh cayenne pepper,2770
2771,fresh cherry,2771
2772,fresh chervil,2772
2773,fresh chestnut,2773
2774,fresh chili pepper,2774
2775,fresh chinese noodle,2775
2776,fresh chive,2776
2777,fresh cilantro,2777
2778,fresh cilantro leaf,2778
2779,fresh cilantro stem,2779
2780,fresh coarse ground black pepper,2780
2781,fresh coconut,2781
2782,fresh coffee,2782
2783,fresh coriander,2783
2784,fresh coriander leaf,2784
2785,fresh corn,2785
2786,fresh corn kernel,2786
2787,fresh crab,2787
2788,fresh crabmeat,2788
2789,fresh cracked pepper,2789
2790,fresh cranberry,2790
2791,fresh cream,2791
2792,fresh curd,2792
2793,fresh curly-leaf parsley,2793
2794,fresh dill,2794
2795,fresh dill leaf,2795
2796,fresh dill sprig,2796
2797,fresh dill weed,2797
2798,fresh edible flower,2798
2799,fresh egg noodle,2799
2800,fresh fettuccine,2800
2801,fresh fig,2801
2802,fresh fish fillet,2802
2803,fresh flat-leaf parsley,2803
2804,fresh french bean,2804
2805,fresh fruit,2805
2806,fresh galangal root,2806
2807,fresh garlic,2807
2808,fresh garlic clove,2808
2809,fresh ginger,2809
2810,fresh gingerroot,2810
2811,fresh goat cheese,2811
2812,fresh grape leaf,2812
2813,fresh green bean,2813
2814,fresh green chily,2814
2815,fresh green herb,2815
2816,fresh ground black pepper,2816
2817,fresh ground pepper,2817
2818,fresh ground white pepper,2818
2819,fresh herb,2819
2820,fresh herbs of choice,2820
2821,fresh horseradish,2821
2822,fresh italian parsley,2822
2823,fresh jalapeno,2823
2824,fresh jalapeno chilie,2824
2825,fresh jalapeno chily,2825
2826,fresh jalapeno pepper,2826
2827,fresh kale,2827
2828,fresh large mushroom,2828
2829,fresh lasagna noodle,2829
2830,fresh lavender blossom,2830
2831,fresh lemon,2831
2832,fresh lemon juice,2832
2833,fresh lemon rind,2833
2834,fresh lemon zest,2834
2835,fresh lemongras,2835
2836,fresh lima bean,2836
2837,fresh lime juice,2837
2838,fresh lime leaf,2838
2839,fresh lime zest,2839
2840,fresh linguine,2840
2841,fresh lotus root,2841
2842,fresh lump crabmeat,2842
2843,fresh mango,2843
2844,fresh marjoram,2844
2845,fresh meyer lemon juice,2845
2846,fresh mint leaf,2846
2847,fresh mushroom,2847
2848,fresh mussel,2848
2849,fresh nutmeg,2849
2850,fresh okra,2850
2851,fresh onion,2851
2852,fresh onion ring,2852
2853,fresh orange juice,2853
2854,fresh oregano,2854
2855,fresh parmesan cheese,2855
2856,fresh parsley,2856
2857,fresh parsley leaf,2857
2858,fresh parsley sprig,2858
2859,fresh pastum,2859
2860,fresh pea,2860
2861,fresh peach,2861
2862,fresh pear,2862
2863,fresh pepper,2863
2864,fresh pineapple,2864
2865,fresh pineapple chunk,2865
2866,fresh pineapple juice,2866
2867,fresh pork hock,2867
2868,fresh pork loin roast,2868
2869,fresh pork shoulder,2869
2870,fresh portabella mushroom,2870
2871,fresh pumpkin,2871
2872,fresh pumpkin puree,2872
2873,fresh pumpkin ravioli,2873
2874,fresh raspberry,2874
2875,fresh red raspberry,2875
2876,fresh rhubarb,2876
2877,fresh ricottum,2877
2878,fresh rose petal,2878
2879,fresh rosemary,2879
2880,fresh rosemary leaf,2880
2881,fresh rosemary needle,2881
2882,fresh sage,2882
2883,fresh sage leaf,2883
2884,fresh salmon,2884
2885,fresh sardine,2885
2886,fresh sauerkraut,2886
2887,fresh savory,2887
2888,fresh scallop,2888
2889,fresh sea scallop,2889
2890,fresh seaweed,2890
2891,fresh shiitake mushroom,2891
2892,fresh shrimp,2892
2893,fresh small shrimp,2893
2894,fresh snow pea,2894
2895,fresh sorrel,2895
2896,fresh sorrel leaf,2896
2897,fresh spearmint,2897
2898,fresh spinach,2898
2899,fresh spinach leaf,2899
2900,fresh spinach-cheese ravioli,2900
2901,fresh strawberry,2901
2902,fresh sweet basil leaf,2902
2903,fresh sweet potato,2903
2904,fresh swiss chard,2904
2905,fresh swordfish steak,2905
2906,fresh tarragon,2906
2907,fresh tarragon leaf,2907
2908,fresh tarragon sprig,2908
2909,fresh thyme,2909
2910,fresh thyme leaf,2910
2911,fresh thyme leave,2911
2912,fresh thyme sprig,2912
2913,fresh tomato,2913
2914,fresh tortellini,2914
2915,fresh tuna,2915
2916,fresh tuna filet,2916
2917,fresh turmeric,2917
2918,fresh udon noodle,2918
2919,fresh water,2919
2920,fresh wax bean,2920
2921,fresh white breadcrumb,2921
2922,fresh white mushroom,2922
2923,fresh whole wheat bread crumb,2923
2924,fresh whole wheat breadcrumb,2924
2925,fresh zucchini,2925
2926,fried bacon,2926
2927,fried chicken,2927
2928,fried chinese noodle,2928
2929,fried onion,2929
2930,fried onion flake,2930
2931,fried rice,2931
2932,fried tofu,2932
2933,frisee,2933
2934,frito corn chip,2934
2935,frito scoop,2935
2936,fritos chili cheese corn chip,2936
2937,fritos corn chip,2937
2938,frog,2938
2939,frog's leg,2939
2940,fromage blanc,2940
2941,fromage frai,2941
2942,frosted -wheats cereal,2942
2943,frosted flake,2943
2944,frosting,2944
2945,frozen apple,2945
2946,frozen apple juice concentrate,2946
2947,frozen artichoke,2947
2948,frozen artichoke heart,2948
2949,frozen asparagu,2949
2950,frozen asparagus cut,2950
2951,frozen ature phyllo tart shell,2951
2952,frozen baby carrot,2952
2953,frozen baby lima bean,2953
2954,frozen baby pea,2954
2955,frozen battered fish fillet,2955
2956,frozen beef ravioli,2956
2957,frozen bell pepper,2957
2958,frozen bell peppers onions and celery,2958
2959,frozen black-eyed pea,2959
2960,frozen blackberrie,2960
2961,frozen blackberry,2961
2962,frozen blueberry,2962
2963,frozen bread dough,2963
2964,frozen breaded okra,2964
2965,frozen broccoli,2965
2966,frozen broccoli and cauliflower,2966
2967,frozen broccoli carrots cauliflower mix,2967
2968,frozen broccoli cauliflower red sweet pepper mix,2968
2969,frozen broccoli cut,2969
2970,frozen broccoli floret,2970
2971,frozen broccoli green beans onions and peppers mix,2971
2972,frozen broccoli spear,2972
2973,frozen brussels sprout,2973
2974,frozen butternut squash,2974
2975,frozen carrot,2975
2976,frozen carrots and broccoli mix,2976
2977,frozen cauliflower,2977
2978,frozen cheese ravioli,2978
2979,frozen cheese tortellini,2979
2980,frozen cherry,2980
2981,frozen chinese pea pod,2981
2982,frozen chopped broccoli,2982
2983,frozen chopped onion,2983
2984,frozen chopped spinach,2984
2985,frozen coconut,2985
2986,frozen coconut milk,2986
2987,frozen concentrate orange juice,2987
2988,frozen concentrated lemonade,2988
2989,frozen concentrated orange juice,2989
2990,frozen cooked shrimp,2990
2991,frozen corn,2991
2992,frozen corn broccoli and red pepper,2992
2993,frozen corn in butter sauce,2993
2994,frozen corn kernel,2994
2995,frozen crab,2995
2996,frozen crabmeat,2996
2997,frozen cranberry,2997
2998,frozen cranberry juice concentrate,2998
2999,frozen creamed spinach,2999
3000,frozen crinkle cut french fry,3000
3001,frozen cubed hash brown potato,3001
3002,frozen cut broccoli in cheese sauce,3002
3003,frozen cut green bean,3003
3004,frozen cut okra,3004
3005,frozen dark sweet cherry,3005
3006,frozen deep dish pie shell,3006
3007,frozen diced potato,3007
3008,frozen dinner roll,3008
3009,frozen dough roll,3009
3010,frozen edamame,3010
3011,frozen english pea,3011
3012,frozen fish stick,3012
3013,frozen french fry,3013
3014,frozen french toast,3014
3015,frozen french-cut green bean,3015
3016,frozen fruit,3016
3017,frozen fruit punch concentrate,3017
3018,frozen grape juice concentrate,3018
3019,frozen green bean,3019
3020,frozen green pea,3020
3021,frozen hash brown,3021
3022,frozen hash brown potato,3022
3023,frozen italian cut green bean,3023
3024,frozen leaf spinach,3024
3025,frozen lemon juice,3025
3026,frozen lemonade,3026
3027,frozen lemonade concentrate,3027
3028,frozen light whipped dessert topping,3028
3029,frozen lima bean,3029
3030,frozen limeade concentrate,3030
3031,frozen lobster tail,3031
3032,frozen mango chunk,3032
3033,frozen margarita mix,3033
3034,frozen mashed potato,3034
3035,frozen mixed berry,3035
3036,frozen mixed pepper,3036
3037,frozen mixed vegetable,3037
3038,frozen non-dairy topping,3038
3039,frozen non-dairy whipped topping,3039
3040,frozen okra,3040
3041,frozen onion and three pepper blend,3041
3042,frozen onion ring,3042
3043,frozen orange juice,3043
3044,frozen orange juice concentrate,3044
3045,frozen passion fruit juice concentrate,3045
3046,frozen pea,3046
3047,frozen pea pod,3047
3048,frozen peach,3048
3049,frozen pearl onion,3049
3050,frozen peas and carrot,3050
3051,frozen peas and corn,3051
3052,frozen peppers and onion,3052
3053,frozen petits poi,3053
3054,frozen pie crust,3054
3055,frozen pina colada mix,3055
3056,frozen pineapple chunk,3056
3057,frozen pineapple concentrate,3057
3058,frozen pink lemonade concentrate,3058
3059,frozen pitted tart cherry,3059
3060,frozen pizza,3060
3061,frozen pizza crust,3061
3062,frozen pizza dough,3062
3063,frozen pot sticker,3063
3064,frozen potato and onion pierogy,3064
3065,frozen potato pierogi,3065
3066,frozen potato pierogy,3066
3067,frozen potato slice,3067
3068,frozen potato wedge,3068
3069,frozen pound cake,3069
3070,frozen puff pastry,3070
3071,frozen puff pastry shell,3071
3072,frozen raspberries in light syrup,3072
3073,frozen raspberry,3073
3074,frozen raspberry concentrate,3074
3075,frozen raspberry-lemonade concentrate,3075
3076,frozen rhubarb,3076
3077,frozen salad shrimp,3077
3078,frozen shoestring french fry,3078
3079,frozen shredded hash brown,3079
3080,frozen shrimp,3080
3081,frozen sliced carrot,3081
3082,frozen sliced peach,3082
3083,frozen sliced strawberries in syrup,3083
3084,frozen sliced strawberry,3084
3085,frozen small whole onion,3085
3086,frozen snow pea,3086
3087,frozen spinach,3087
3088,frozen squash,3088
3089,frozen stew vegetable,3089
3090,frozen strawberries in syrup,3090
3091,frozen strawberry,3091
3092,frozen strawberry daiquiri concentrate,3092
3093,frozen succotash,3093
3094,frozen sugar snap pea,3094
3095,frozen sweet corn,3095
3096,frozen sweet pea,3096
3097,frozen sweetened raspberry,3097
3098,frozen sweetened strawberry,3098
3099,frozen tart shell,3099
3100,frozen tater tot,3100
3101,frozen tiny pea,3101
3102,frozen unsweetened blackberry,3102
3103,frozen unsweetened mixed berry,3103
3104,frozen unsweetened raspberry,3104
3105,frozen unsweetened strawberry,3105
3106,frozen vegetable,3106
3107,frozen waffle,3107
3108,frozen whipped topping,3108
3109,frozen white bread dough,3109
3110,frozen white corn,3110
3111,frozen whole kernel corn,3111
3112,frozen whole okra,3112
3113,frozen whole pearl onion,3113
3114,frozen whole strawberry,3114
3115,frozen yogurt,3115
3116,fructose,3116
3117,fruit,3117
3118,fruit and bran cereal,3118
3119,fruit bread,3119
3120,fruit chutney,3120
3121,fruit cocktail,3121
3122,fruit cocktail in heavy syrup,3122
3123,fruit cocktail in juice,3123
3124,fruit cocktail in light syrup,3124
3125,fruit cocktail in syrup,3125
3126,fruit filling,3126
3127,fruit fresh,3127
3128,fruit gelatin,3128
3129,fruit jam,3129
3130,fruit jelly,3130
3131,fruit juice,3131
3132,fruit juice concentrate,3132
3133,fruit leather,3133
3134,fruit loops cereal,3134
3135,fruit nectar,3135
3136,fruit pectin,3136
3137,fruit preserve,3137
3138,fruit punch,3138
3139,fruit roll-up,3139
3140,fruit salad,3140
3141,fruit salsa,3141
3142,fruit sauce,3142
3143,fruit slice,3143
3144,fruit snack,3144
3145,fruit spread,3145
3146,fruit sugar,3146
3147,fruit syrup,3147
3148,fruit vinegar,3148
3149,fruit yogurt,3149
3150,fruit-fresh produce protector,3150
3151,fruitcake,3151
3152,fruity pebbles cereal,3152
3153,fryer,3153
3154,fryer chicken,3154
3155,frying chicken,3155
3156,frying oil,3156
3157,fudge brownie mix,3157
3158,fudge frosting,3158
3159,fudge sauce,3159
3160,fudge-striped shortbread cookies,3160
3161,fuji apple,3161
3162,full cream milk powder,3162
3163,full size snickers bar,3163
3164,full-bodied red wine,3164
3165,full-cream milk,3165
3166,full-fat milk,3166
3167,fusilli,3167
3168,fuyu persimmon,3168
3169,gai lan,3169
3170,gala apple,3170
3171,galanga powder,3171
3172,galanga root,3172
3173,galangal,3173
3174,galliano,3174
3175,game,3175
3176,ganache,3176
3177,garam masala,3177
3178,garam masala powder,3178
3179,garbanzo bean,3179
3180,garbanzo flmy,3180
3181,garden salad,3181
3182,garden vegetable spaghetti sauce,3182
3183,garfava flmy,3183
3184,garlic,3184
3185,garlic & herb cheese,3185
3186,garlic alfredo sauce,3186
3187,garlic and cheese crouton,3187
3188,garlic and herb butter,3188
3189,garlic and herb goat cheese,3189
3190,garlic and herb marinade,3190
3191,garlic and herb sauce mix,3191
3192,garlic and herb seasoning,3192
3193,garlic and herb shake-in-bake,3193
3194,garlic and herb spaghetti sauce,3194
3195,garlic and herb-seasoned breadcrumb,3195
3196,garlic and onion pasta sauce,3196
3197,garlic bagel chip,3197
3198,garlic bread,3198
3199,garlic butter,3199
3200,garlic butter crouton,3200
3201,garlic cheese roll,3201
3202,garlic chive,3202
3203,garlic clove,3203
3204,garlic crouton,3204
3205,garlic flake,3205
3206,garlic granule,3206
3207,garlic head,3207
3208,garlic hummu,3208
3209,garlic in oil,3209
3210,garlic juice,3210
3211,garlic mashed potato,3211
3212,garlic mushroom soup mix,3212
3213,garlic non-stick spray,3213
3214,garlic oil,3214
3215,garlic paste,3215
3216,garlic pepper seasoning,3216
3217,garlic powder,3217
3218,garlic red wine vinegar,3218
3219,garlic salt,3219
3220,garlic sauce,3220
3221,garlic scape,3221
3222,garlic sea salt,3222
3223,garlic seasoning,3223
3224,garlic spread,3224
3225,garlic sprout,3225
3226,garlic toast,3226
3227,garlic-infused vegetable oil,3227
3228,garlic-stuffed olife,3228
3229,garnet yam,3229
3230,gebhardt chili powder,3230
3231,gefilte fish,3231
3232,gelatin,3232
3233,gelatin mix,3233
3234,gelatin powder,3234
3235,gemelli pastum,3235
3236,genoa salami,3236
3237,george washington broth,3237
3238,geranium leaf,3238
3239,german chocolate,3239
3240,german chocolate bar,3240
3241,german mustard,3241
3242,german potato salad,3242
3243,german sweet chocolate,3243
3244,ghee,3244
3245,gherkin,3245
3246,giardiniera,3246
3247,gin,3247
3248,ginger,3248
3249,ginger ale,3249
3250,ginger beer,3250
3251,ginger biscuit,3251
3252,ginger brew,3252
3253,ginger cube,3253
3254,ginger in syrup,3254
3255,ginger juice,3255
3256,ginger marmalade,3256
3257,ginger paste,3257
3258,ginger powder,3258
3259,ginger preserve,3259
3260,ginger puree,3260
3261,ginger snap,3261
3262,ginger syrup,3262
3263,ginger wine,3263
3264,ginger-garlic paste,3264
3265,gingerbread,3265
3266,gingerbread mix,3266
3267,gingerbread syrup,3267
3268,gingernut biscuit,3268
3269,gingerroot,3269
3270,gingersnap,3270
3271,gingersnap cookie,3271
3272,gingersnap cookies,3272
3273,gingersnap crumb,3273
3274,gjetost cheese,3274
3275,glace apricot,3275
3276,glace cherry,3276
3277,glace fruit,3277
3278,glace ginger,3278
3279,glace green cherry,3279
3280,glace pineapple,3280
3281,glace red cherry,3281
3282,glass container,3282
3283,glaze,3283
3284,glazed doughnut,3284
3285,glazed pineapple,3285
3286,globe eggplant,3286
3287,gluten,3287
3288,gluten flmy,3288
3289,glutinous rice,3289
3290,glutinous-rice flmy,3290
3291,glycerin,3291
3292,glycerine,3292
3293,gnocchi,3293
3294,goat cheese,3294
3295,goat meat,3295
3296,goat milk fetum,3296
3297,goat milk yogurt,3297
3298,goat's cheese,3298
3299,goat's milk,3299
3300,goji berry,3300
3301,gold medal all-purpose flmy,3301
3302,gold tequila,3302
3303,golden beet,3303
3304,golden brown sugar,3304
3305,golden caster sugar,3305
3306,golden cream of mushroom soup,3306
3307,golden delicious apple,3307
3308,golden grahams cereal,3308
3309,golden mushroom soup,3309
3310,golden onion soup mix,3310
3311,golden raisin,3311
3312,golden seedless raisin,3312
3313,golden sultana raisin,3313
3314,golden syrup,3314
3315,goldfish cracker,3315
3316,goldschlager,3316
3317,gomashio,3317
3318,goose,3318
3319,goose fat,3319
3320,gooseberry,3320
3321,gorgonzola,3321
3322,gouda cheese,3322
3323,graham cracker,3323
3324,graham cracker crumb,3324
3325,graham cracker crumb crust,3325
3326,graham cracker crust,3326
3327,graham cracker pie crust,3327
3328,graham cracker square,3328
3329,graham cracker stick,3329
3330,graham cracker tart crust,3330
3331,graham cracker tart shell,3331
3332,graham flmy,3332
3333,graham wafer,3333
3334,graham wafer crumb,3334
3335,graham wafer crust,3335
3336,grain,3336
3337,grain alcohol,3337
3338,grain bread,3338
3339,grain cereal,3339
3340,grains of paradise,3340
3341,grainy mustard,3341
3342,gram flmy,3342
3343,grana padano,3343
3344,grand marnier,3344
3345,grands refrigerated buttermilk biscuit,3345
3346,grands refrigerated cinnamon roll,3346
3347,granny smith apple,3347
3348,granola,3348
3349,granola bar,3349
3350,granola cereal,3350
3351,granular fructose,3351
3352,granulated brown sugar,3352
3353,granulated garlic,3353
3354,granulated onion,3354
3355,granulated sugar,3355
3356,granulated white sugar,3356
3357,grape,3357
3358,grape gelatin,3358
3359,grape jam,3359
3360,grape jell-o,3360
3361,grape jelly,3361
3362,grape juice,3362
3363,grape juice concentrate,3363
3364,grape leaf,3364
3365,grape tomato,3365
3366,grape-nuts cereal,3366
3367,grapefruit,3367
3368,grapefruit juice,3368
3369,grapefruit peel,3369
3370,grapefruit section,3370
3371,grapefruit soda,3371
3372,grapefruit zest,3372
3373,"grapefruit, juice of",3373
3374,"grapefruit, zest of",3374
3375,grapeseed oil,3375
3376,grappa,3376
3377,grated parmesan cheese,3377
3378,gravox,3378
3379,gravy,3379
3380,gravy master,3380
3381,gravy mix,3381
3382,gravymaster,3382
3383,gray salt,3383
3384,great northern bean,3384
3385,greek feta cheese,3385
3386,greek olife,3386
3387,greek olive,3387
3388,greek oregano,3388
3389,greek pepper,3389
3390,greek pita bread,3390
3391,greek seasoning,3391
3392,greek yogurt,3392
3393,green,3393
3394,green apple,3394
3395,green apple vodka,3395
3396,green asparagu,3396
3397,green banana,3397
3398,green bean,3398
3399,green bell pepper,3399
3400,green bell pepper flake,3400
3401,green bird's eye chily,3401
3402,green cabbage,3402
3403,green cabbage head,3403
3404,green capsicum,3404
3405,green cardamom,3405
3406,green cardamom pod,3406
3407,green cardamom powder,3407
3408,green cardamom seed,3408
3409,green chard leaf,3409
3410,green chartreuse liqueur,3410
3411,green cherry,3411
3412,green chili,3412
3413,green chili paste,3413
3414,green chili pepper,3414
3415,green chili pepper flake,3415
3416,green chili powder,3416
3417,green chili salsa,3417
3418,green chily,3418
3419,green chutney,3419
3420,green coriander,3420
3421,green creme de menthe,3421
3422,green curry paste,3422
3423,green decorating icing,3423
3424,green enchilada sauce,3424
3425,green food coloring,3425
3426,green food coloring paste,3426
3427,green ginger,3427
3428,green glazed cherry,3428
3429,green gram,3429
3430,green grape,3430
3431,green hot pepper sauce,3431
3432,green jalapeno pepper,3432
3433,green lentil,3433
3434,green mango,3434
3435,green maraschino cherry,3435
3436,green nori seaweed flake,3436
3437,green olife,3437
3438,green olives in brine,3438
3439,green pea,3439
3440,green pepper,3440
3441,green pepper flake,3441
3442,green pepper ring,3442
3443,green pepper slice,3443
3444,green pepper strip,3444
3445,green peppercorn,3445
3446,green peppercorns in brine,3446
3447,green plantain,3447
3448,green relish,3448
3449,green salad,3449
3450,green seedless grape,3450
3451,green serrano chily,3451
3452,green shrimp,3452
3453,green sprinkle,3453
3454,green sugar crystal,3454
3455,green sweet pepper,3455
3456,green swiss chard,3456
3457,green taco sauce,3457
3458,green tea,3458
3459,green tea bag,3459
3460,green tea leaf,3460
3461,green tea powder,3461
3462,green tomatillo sauce,3462
3463,green tomato,3463
3464,green tomato relish,3464
3465,green zucchini,3465
3466,grenadine,3466
3467,grey poupon,3467
3468,grey poupon dijon mustard,3468
3469,grey poupon honey mustard,3469
3470,grey poupon mustard,3470
3471,grilled chicken,3471
3472,grilled chicken breast,3472
3473,grilled chicken breast strip,3473
3474,grilled steak,3474
3475,griller,3475
3476,grillers recipe crumble,3476
3477,grit,3477
3478,ground allspice,3478
3479,ground almond,3479
3480,ground ancho chili pepper,3480
3481,ground aniseed,3481
3482,ground basil,3482
3483,ground bean sauce,3483
3484,ground beef,3484
3485,ground beef round,3485
3486,ground black pepper,3486
3487,ground buffalo meat,3487
3488,ground caraway,3488
3489,ground cardamom,3489
3490,ground cayenne pepper,3490
3491,ground celery seed,3491
3492,ground chicken,3492
3493,ground chicken breast,3493
3494,ground chocolate,3494
3495,ground chuck,3495
3496,ground cilantro,3496
3497,ground cinnamon,3497
3498,ground clove,3498
3499,ground coffee,3499
3500,ground coriander,3500
3501,ground cranberry,3501
3502,ground cumin,3502
3503,ground decaffeinated coffee,3503
3504,ground deer meat,3504
3505,ground dill,3505
3506,ground elk,3506
3507,ground espresso,3507
3508,ground fennel,3508
3509,ground fenugreek,3509
3510,ground flax seed,3510
3511,ground galangal,3511
3512,ground ginger,3512
3513,ground ham,3513
3514,ground hazelnut,3514
3515,ground horseradish,3515
3516,ground lamb,3516
3517,ground lean pork,3517
3518,ground lemon myrtle,3518
3519,ground mace,3519
3520,ground marjoram,3520
3521,ground meat,3521
3522,ground meat substitute,3522
3523,ground mixed spice,3523
3524,ground moose,3524
3525,ground mustard,3525
3526,ground nut,3526
3527,ground nutmeg,3527
3528,ground oat,3528
3529,ground oregano,3529
3530,ground paprika,3530
3531,ground pecan,3531
3532,ground pepper,3532
3533,ground pork,3533
3534,ground pork butt,3534
3535,ground red chili pepper,3535
3536,ground red pepper,3536
3537,ground roasted cumin seed,3537
3538,ground rosemary,3538
3539,ground round,3539
3540,ground sage,3540
3541,ground savory,3541
3542,ground sichuan pepper,3542
3543,ground sirloin,3543
3544,ground star anise,3544
3545,ground sumac,3545
3546,ground szechuan peppercorn,3546
3547,ground thyme,3547
3548,ground turkey,3548
3549,ground turkey breast,3549
3550,ground turmeric,3550
3551,ground veal,3551
3552,ground venison,3552
3553,ground walnut,3553
3554,ground wattleseed,3554
3555,ground white pepper,3555
3556,grouper,3556
3557,grouper fillet,3557
3558,grouper steak,3558
3559,gruyere,3559
3560,gruyere cheese,3560
3561,guacamole,3561
3562,guajillo chily,3562
3563,guar gum,3563
3564,guava,3564
3565,guava jelly,3565
3566,guava juice,3566
3567,guava nectar,3567
3568,guava paste,3568
3569,guinness draught,3569
3570,guinness stout,3570
3571,gumbo file,3571
3572,gumdrop,3572
3573,gummy fish,3573
3574,gummy frog,3574
3575,gummy worm,3575
3576,gyoza skin,3576
3577,habanero,3577
3578,habanero pepper,3578
3579,habanero pepper cheese,3579
3580,habanero sauce,3580
3581,haddock,3581
3582,haddock fillet,3582
3583,hake,3583
3584,hake fillet,3584
3585,haldi powder,3585
3586,half & half light cream,3586
3587,half and half milk,3587
3588,half cream,3588
3589,half-and-half,3589
3590,half-and-half cream,3590
3591,halibut,3591
3592,halibut fillet,3592
3593,halibut steak,3593
3594,halloumi cheese,3594
3595,halva,3595
3596,halvah,3596
3597,ham,3597
3598,ham bone,3598
3599,ham bouillon cube,3599
3600,ham dripping,3600
3601,ham fat,3601
3602,ham hock,3602
3603,ham shank,3603
3604,ham slice,3604
3605,ham soup base,3605
3606,ham spread,3606
3607,ham steak,3607
3608,ham stock,3608
3609,hamburger,3609
3610,hamburger bun,3610
3611,hamburger dill,3611
3612,hamburger meat,3612
3613,hamburger patty,3613
3614,hamburger relish,3614
3615,hanger steak,3615
3616,hard alcoholic cider,3616
3617,hard apple cider,3617
3618,hard candy,3618
3619,hard cheese,3619
3620,hard cinnamon candy,3620
3621,hard goat cheese,3621
3622,hard roll,3622
3623,hard salami,3623
3624,hard sourdough pretzel,3624
3625,hard-boiled egg,3625
3626,hard-boiled egg yolk,3626
3627,hard-cooked egg,3627
3628,hard-cooked egg white,3628
3629,hard-shelled clam,3629
3630,hardboiled egg,3630
3631,haricot bean,3631
3632,harissa,3632
3633,harusame noodle,3633
3634,hash brown,3634
3635,hash brown patty,3635
3636,hash brown potato,3636
3637,hass avocado,3637
3638,havarti cheese,3638
3639,havartus,3639
3640,hawaiian bread,3640
3641,hawaiian punch drink,3641
3642,hawaiian roll,3642
3643,hawaiian sea salt,3643
3644,hawaiian sweet bread,3644
3645,hawaij,3645
3646,hazelnut,3646
3647,hazelnut butter,3647
3648,hazelnut coffee,3648
3649,hazelnut extract,3649
3650,hazelnut liqueur,3650
3651,hazelnut liquid coffee creamer,3651
3652,hazelnut meal,3652
3653,hazelnut nondairy liquid coffee creamer,3653
3654,hazelnut oil,3654
3655,hazelnut syrup,3655
3656,head broccoli,3656
3657,head cauliflower,3657
3658,head of broccoli,3658
3659,head of cabbage,3659
3660,head of celery,3660
3661,head of garlic,3661
3662,head white cabbage,3662
3663,heads cauliflower,3663
3664,heads of cabbage,3664
3665,heads of garlic,3665
3666,hearts of palm,3666
3667,heather honey,3667
3668,heavy cream,3668
3669,heavy sweet cream,3669
3670,heavy whipping cream,3670
3671,heirloom tomato,3671
3672,hemp milk,3672
3673,hemp seed,3673
3674,hen,3674
3675,herb,3675
3676,herb seasoned stuffing mix,3676
3677,herb stock,3677
3678,herb stuffing,3678
3679,herb stuffing cube,3679
3680,herb stuffing mix,3680
3681,herb tofu,3681
3682,herb vinegar,3682
3683,herb-ox beef cube,3683
3684,herb-seasoned salt,3684
3685,herb-seasoned stuffing cube,3685
3686,herbal tea,3686
3687,herbal tea bag,3687
3688,herbed crouton,3688
3689,herbed feta cheese,3689
3690,herbed goat cheese,3690
3691,herbes de provence,3691
3692,herbsaint,3692
3693,herdez red salsa,3693
3694,herring fillet,3694
3695,herring in wine sauce,3695
3696,hibiscus tea bag,3696
3697,hickory and brown sugar barbecue sauce,3697
3698,hickory barbecue sauce,3698
3699,hickory chip,3699
3700,hickory liquid smoke,3700
3701,hickory nut,3701
3702,hickory smoke salt,3702
3703,hickory smoked bacon,3703
3704,hickory wood chunk,3704
3705,hijiki seaweed,3705
3706,hines fudge brownie mix,3706
3707,hing,3707
3708,hoagie roll,3708
3709,hog casing,3709
3710,hoisin sauce,3710
3711,hokkaido squash,3711
3712,hokkien noodle,3712
3713,holiday shapes and morsel,3713
3714,hollandaise mix,3714
3715,hollandaise sauce,3715
3716,hollandaise sauce mix,3716
3717,home fry,3717
3718,home s salsa,3718
3719,home s taco dinner kit,3719
3720,hominy,3720
3721,hominy grit,3721
3722,homogenized milk,3722
3723,honey,3723
3724,honey barbecue sauce,3724
3725,honey barbeque sauce,3725
3726,honey bunches of oats cereal,3726
3727,honey crunch wheat germ,3727
3728,honey dijon mustard,3728
3729,honey graham cracker,3729
3730,honey ham,3730
3731,honey ham deli meat,3731
3732,honey mustard,3732
3733,honey mustard sauce,3733
3734,honey nut cheerio,3734
3735,honey nut chex,3735
3736,honey roasted peanut,3736
3737,honey roasted turkey breast,3737
3738,honey syrup,3738
3739,honey-baked ham,3739
3740,honey-nut toasted oat cereal,3740
3741,honey-roasted almond,3741
3742,honey-roasted cashew,3742
3743,honey-roasted ham,3743
3744,honey-roasted peanut,3744
3745,honey-roasted pecan,3745
3746,honey-wheat bread,3746
3747,honeycomb beef tripe,3747
3748,honeydew,3748
3749,honeydew ball,3749
3750,honeydew melon,3750
3751,hood calorie countdown dairy beverage,3751
3752,horehound leaf,3752
3753,hormel chili,3753
3754,hormel chili without bean,3754
3755,hormel dried beef,3755
3756,hormel real bacon bit,3756
3757,horse meat,3757
3758,horseradish,3758
3759,horseradish cream,3759
3760,horseradish mustard,3760
3761,horseradish root,3761
3762,horseradish sauce,3762
3763,hostess twinky,3763
3764,hot banana pepper,3764
3765,hot bean paste,3765
3766,hot chicken stock,3766
3767,hot chili bean,3767
3768,hot chili flake,3768
3769,hot chili oil,3769
3770,hot chili paste,3770
3771,hot chili pepper,3771
3772,hot chili powder,3772
3773,hot chinese chili paste,3773
3774,hot chocolate mix,3774
3775,hot chocolate powder,3775
3776,hot cocoa,3776
3777,hot cocoa mix,3777
3778,hot coffee,3778
3779,hot cross bun,3779
3780,hot dog,3780
3781,hot dog bun,3781
3782,hot dog relish,3782
3783,hot dry mustard,3783
3784,hot english mustard,3784
3785,hot fudge,3785
3786,hot fudge topping,3786
3787,hot green chili pepper,3787
3788,hot green pepper,3788
3789,hot italian ham,3789
3790,hot ketchup,3790
3791,hot mustard,3791
3792,hot paprika,3792
3793,hot pepper,3793
3794,hot pepper flake,3794
3795,hot pepper jelly,3795
3796,hot pepper juice,3796
3797,hot pepper oil,3797
3798,hot pepper paste,3798
3799,hot pepper relish,3799
3800,hot pepper sauce,3800
3801,hot pepper sesame oil,3801
3802,hot red chili pepper,3802
3803,hot red chili pepper flake,3803
3804,hot red pepper,3804
3805,hot red pepper flake,3805
3806,hot red pepper sauce,3806
3807,hot roll mix,3807
3808,hot salsa,3808
3809,hot salt,3809
3810,hot sauce,3810
3811,hot smoked paprika,3811
3812,hot spice blend,3812
3813,hot spiced cider mix,3813
3814,hot taco sauce,3814
3815,hot water,3815
3816,house cheese,3816
3817,hpnotiq liqueur,3817
3818,hubbard squash,3818
3819,huckleberry,3819
3820,hummu,3820
3821,hundreds and thousand,3821
3822,hungarian paprika,3822
3823,hungry jack big flaky refrigerated biscuit,3823
3824,ice,3824
3825,ice cream,3825
3826,ice cream cone,3826
3827,ice cream sandwich,3827
3828,ice cream topping,3828
3829,ice cube,3829
3830,ice water,3830
3831,iced tea,3831
3832,iced tea mix powder,3832
3833,icing,3833
3834,icing sugar,3834
3835,idaho baking potato,3835
3836,idaho potato,3836
3837,imitation bacon,3837
3838,imitation bacon bit,3838
3839,imitation crab stick,3839
3840,imitation crabmeat,3840
3841,imitation lobster meat,3841
3842,imitation maple,3842
3843,imitation vanilla,3843
3844,imported bittersweet chocolate,3844
3845,individual size prebaked pizza crust,3845
3846,infant cereal,3846
3847,infant formula,3847
3848,injera bread,3848
3849,instant apple and cinnamon oatmeal,3849
3850,instant apple cider drink mix,3850
3851,instant banana cream pudding mix,3851
3852,instant banana pudding mix,3852
3853,instant beef bouillon,3853
3854,instant bouillon granule,3854
3855,instant brown rice,3855
3856,instant butter pecan pudding mix,3856
3857,instant butterscotch pudding mix,3857
3858,instant cappuccino mix,3858
3859,instant cheesecake pudding mix,3859
3860,instant chicken bouillon,3860
3861,instant chicken bouillon granule,3861
3862,instant chocolate drink mix,3862
3863,instant chocolate fudge pudding,3863
3864,instant chocolate fudge pudding mix,3864
3865,instant chocolate pudding mix,3865
3866,instant cinnamon and spice oatmeal,3866
3867,instant coconut cream pudding mix,3867
3868,instant coconut pudding mix,3868
3869,instant coffee,3869
3870,instant coffee creamer,3870
3871,instant coffee crystal,3871
3872,instant coffee granule,3872
3873,instant coffee powder,3873
3874,instant couscou,3874
3875,instant dashi stock,3875
3876,instant decaffeinated coffee,3876
3877,instant devil's food pudding,3877
3878,instant dry milk powder,3878
3879,instant espresso,3879
3880,instant espresso coffee powder,3880
3881,instant espresso powder,3881
3882,instant flmy,3882
3883,instant garlic,3883
3884,instant lemon pudding,3884
3885,instant lemon pudding mix,3885
3886,instant malted milk powder,3886
3887,instant maple and brown sugar oatmeal,3887
3888,instant mashed potato,3888
3889,instant milk,3889
3890,instant minced garlic,3890
3891,instant minced onion,3891
3892,instant miso soup mix,3892
3893,instant mocha coffee powder,3893
3894,instant oat,3894
3895,instant oatmeal,3895
3896,instant onion,3896
3897,instant oxo,3897
3898,instant pistachio pudding,3898
3899,instant pistachio pudding mix,3899
3900,instant plain oatmeal,3900
3901,instant polentum,3901
3902,instant potato flake,3902
3903,instant pudding mix,3903
3904,instant rice,3904
3905,instant roasted garlic mashed potato,3905
3906,instant tang orange drink,3906
3907,instant tapioca pudding mix,3907
3908,instant tea,3908
3909,instant tea powder,3909
3910,instant vanilla pudding,3910
3911,instant vanilla pudding and pie filling,3911
3912,instant vanilla pudding mix,3912
3913,instant white chocolate pudding and pie filling mix,3913
3914,instant white chocolate pudding mix,3914
3915,iodized salt,3915
3916,irish cream,3916
3917,irish cream syrup,3917
3918,irish mist liqueur,3918
3919,irish potato,3919
3920,irish soda bread,3920
3921,irish whiskey,3921
3922,israeli couscou,3922
3923,italian bread,3923
3924,italian breadcrumb,3924
3925,italian cheese,3925
3926,italian cheese and herb cooking creme,3926
3927,italian cheese blend,3927
3928,italian cut green bean,3928
3929,italian herb seasoning,3929
3930,italian parsley,3930
3931,italian pastina,3931
3932,italian pepper,3932
3933,italian plum,3933
3934,italian plum tomato,3934
3935,italian roll,3935
3936,italian salad kit,3936
3937,italian salad mix,3937
3938,italian sauce,3938
3939,italian seasoned breadcrumb,3939
3940,italian seasoning,3940
3941,italian spice,3941
3942,italian stewed tomato,3942
3943,italian tomato,3943
3944,italian tomato paste,3944
3945,italian tomato soup,3945
3946,italian vegetable,3946
3947,jack daniels whiskey,3947
3948,jackfruit,3948
3949,jagermeister,3949
3950,jaggery,3950
3951,jalapeno,3951
3952,jalapeno bean dip,3952
3953,jalapeno havarti cheese,3953
3954,jalapeno jack cheese,3954
3955,jalapeno jelly,3955
3956,jalapeno juice,3956
3957,jalapeno pepper,3957
3958,jalapeno pepper cheese,3958
3959,jalapeno pepper diced tomato,3959
3960,jalapeno powder,3960
3961,jalapeno relish,3961
3962,jalapeno sauce,3962
3963,jalapeno seasoning salt,3963
3964,jalapeno-stuffed green olife,3964
3965,jam,3965
3966,jam roll,3966
3967,jamaican jerk spice,3967
3968,japanese cucumber,3968
3969,japanese eggplant,3969
3970,japanese pumpkin,3970
3971,japanese sake,3971
3972,jar,3972
3973,jarlsberg cheese,3973
3974,jasmine rice,3974
3975,jasmine tea,3975
3976,jeera powder,3976
3977,jeera seed,3977
3978,jell-o chocolate instant pudding,3978
3979,jell-o chocolate pudding and pie filling,3979
3980,jell-o instant lemon pudding,3980
3981,jell-o instant pistachio pudding mix,3981
3982,jell-o pudding mix,3982
3983,jellied cranberry sauce,3983
3984,jello,3984
3985,jello gelatin,3985
3986,jello instant vanilla pudding mix,3986
3987,jelly,3987
3988,jelly bean,3988
3989,jelly crystal,3989
3990,jelly powder,3990
3991,jerk rub,3991
3992,jerk sauce,3992
3993,jerusalem artichoke,3993
3994,jicama,3994
3995,jif crunchy peanut butter,3995
3996,jiffy baking mix,3996
3997,jiffy corn muffin mix,3997
3998,jim beam bourbon whiskey,3998
3999,jonathan apple,3999
4000,juice,4000
4001,juices from cooked meat,4001
4002,jumbo black olife,4002
4003,jumbo egg,4003
4004,jumbo egg yolk,4004
4005,jumbo lump crab meat,4005
4006,jumbo pasta shell,4006
4007,jumbo shrimp,4007
4008,junior mint,4008
4009,juniper berry,4009
4010,k cereal,4010
4011,kabocha squash,4011
4012,kabsa spice mix,4012
4013,kabuli channa,4013
4014,kadaifi,4014
4015,kaffir lime,4015
4016,kaffir lime leaf,4016
4017,kaffir lime zest,4017
4018,kahlua,4018
4019,kahlua hazelnut,4019
4020,kaiser roll,4020
4021,kalamansi juice,4021
4022,kalamata olife,4022
4023,kalamata olive,4023
4024,kale,4024
4025,kale leaf,4025
4026,kalonji,4026
4027,kamaboko,4027
4028,kamut,4028
4029,kamut flmy,4029
4030,kangaroo fillet,4030
4031,kangaroo mincemeat,4031
4032,karo light corn syrup,4032
4033,karo syrup,4033
4034,kashi golean cereal,4034
4035,kashi good friends cereal,4035
4036,kashk,4036
4037,kashkaval,4037
4038,kashmiri chili powder,4038
4039,kashmiri chily,4039
4040,kasseri cheese,4040
4041,kasuri methi,4041
4042,katakuriko,4042
4043,keen's dry mustard,4043
4044,kefalograviera cheese,4044
4045,kefalotirus,4045
4046,kefalotyrus,4046
4047,kefir,4047
4048,kellogg's all-bran cereal,4048
4049,kellogg's croutette,4049
4050,kelp,4050
4051,kelp powder,4051
4052,kernel corn,4052
4053,ketchup,4053
4054,ketjap mani,4054
4055,key lime,4055
4056,key lime juice,4056
4057,key lime pie yogurt,4057
4058,key lime yogurt,4058
4059,key lime zest,4059
4060,"key limes, juice of",4060
4061,khoya,4061
4062,kidney bean,4062
4063,kielbasa,4063
4064,kim chee,4064
4065,king crab leg,4065
4066,king crab meat,4066
4067,king oyster mushroom,4067
4068,king prawn,4068
4069,king salmon,4069
4070,kingfish,4070
4071,kipfler potato,4071
4072,kippered herring fillet,4072
4073,kirby cucumber,4073
4074,kirsch,4074
4075,kirsch liqueur,4075
4076,kirschwasser,4076
4077,kissable,4077
4078,kit kat bar,4078
4079,kitchen bouquet,4079
4080,kitchen twine,4080
4081,kiwi,4081
4082,kiwi fruit,4082
4083,kix cereal,4083
4084,kluski noodle,4084
4085,knackwurst of frankfurter,4085
4086,knockwurst,4086
4087,kohlrabi,4087
4088,kokum,4088
4089,kombu,4089
4090,kombu seaweed,4090
4091,konbu,4091
4092,kool-aid,4092
4093,korean red pepper paste,4093
4094,korean red pepper powder,4094
4095,korma paste,4095
4096,kosher salt,4096
4097,kosher salt & ground black pepper,4097
4098,koshi-an,4098
4099,kremeltum,4099
4100,kudzu,4100
4101,kumara,4101
4102,kumquat,4102
4103,kumquat puree,4103
4104,lactose-free milk,4104
4105,lady savoiardi,4105
4106,ladyfinger,4106
4107,ladyfinger cookies,4107
4108,lager beer,4108
4109,laksa paste,4109
4110,lamb,4110
4111,lamb backstrap,4111
4112,lamb bone,4112
4113,lamb breast,4113
4114,lamb chop,4114
4115,lamb cutlet,4115
4116,lamb fillet,4116
4117,lamb gravy,4117
4118,lamb leg chop,4118
4119,lamb leg steak,4119
4120,lamb loin,4120
4121,lamb loin chop,4121
4122,lamb mince,4122
4123,lamb neck,4123
4124,lamb neck chop,4124
4125,lamb rack,4125
4126,lamb rib,4126
4127,lamb rib chop,4127
4128,lamb roast,4128
4129,lamb shank,4129
4130,lamb shoulder,4130
4131,lamb steak,4131
4132,lamb stew meat,4132
4133,lamb stock,4133
4134,lamb stock cube,4134
4135,lamb tenderloin,4135
4136,lambs kidney,4136
4137,lambsquarter,4137
4138,lancashire cheese,4138
4139,land o' lakes butter,4139
4140,langoustine,4140
4141,laos powder,4141
4142,lard,4142
4143,lardon,4143
4144,large curd cottage cheese,4144
4145,large egg,4145
4146,large egg white,4146
4147,large egg yolk,4147
4148,large marshmallow,4148
4149,large refrigerated biscuit,4149
4150,large scallop,4150
4151,large shelled prawn,4151
4152,large shrimp,4152
4153,large unpeeled shrimp,4153
4154,large-curd cottage cheese,4154
4155,lasagna noodle,4155
4156,lasagna pastum,4156
4157,lasagna sheet,4157
4158,laughing cow cheese,4158
4159,laughing cow light garlic and herb cheese,4159
4160,laughing cow light swiss cheese,4160
4161,laurel leaf,4161
4162,lavash bread,4162
4163,lavender,4163
4164,lavender bud,4164
4165,lavender flower,4165
4166,lavender honey,4166
4167,lavender leaf,4167
4168,lavender oil,4168
4169,lavender sugar,4169
4170,lawry baja chipotle marinade,4170
4171,lawry teriyaki marinade,4171
4172,lawry's baja chipotle sauce,4172
4173,lawry's seasoned pepper,4173
4174,lawry's seasoned salt,4174
4175,lawry's teriyaki marinade,4175
4176,le seuer pea,4176
4177,leaf oregano,4177
4178,leaf thyme,4178
4179,leafy green,4179
4180,lean bacon,4180
4181,lean baked ham,4181
4182,lean beef,4182
4183,lean beef chuck,4183
4184,lean beef chuck roast,4184
4185,lean beef round,4185
4186,lean chicken,4186
4187,lean chuck,4187
4188,lean flank steak,4188
4189,lean ground beef,4189
4190,lean ground buffalo,4190
4191,lean ground chicken,4191
4192,lean ground chuck,4192
4193,lean ground lamb,4193
4194,lean ground meat,4194
4195,lean ground pork,4195
4196,lean ground sirloin,4196
4197,lean ground turkey,4197
4198,lean ground veal,4198
4199,lean ham,4199
4200,lean hamburger,4200
4201,lean lamb,4201
4202,lean lamb fillet,4202
4203,lean lamb stew meat,4203
4204,lean leg of lamb,4204
4205,lean meat,4205
4206,lean pork,4206
4207,lean pork chop,4207
4208,lean pork loin,4208
4209,lean pork roast,4209
4210,lean pork shoulder,4210
4211,lean pork sparerib,4211
4212,lean roast beef,4212
4213,lean round steak,4213
4214,lean salt pork,4214
4215,lean sirloin,4215
4216,lean sirloin steak,4216
4217,lean steak,4217
4218,lean stew meat,4218
4219,lean stewing beef,4219
4220,lean turkey breast,4220
4221,lean veal,4221
4222,lebanese bread,4222
4223,lebanese cucumber,4223
4224,lebanon bologna,4224
4225,lecithin granule,4225
4226,lecithin powder,4226
4227,leek,4227
4228,leek soup mix,4228
4229,leek white,4229
4230,leg of lamb,4230
4231,lemon,4231
4232,lemon & herb seasoning,4232
4233,lemon balm,4233
4234,lemon balm leaf,4234
4235,lemon basil,4235
4236,lemon butter,4236
4237,lemon concentrate,4237
4238,lemon cookies,4238
4239,lemon cream-filled vanilla sandwich cookies,4239
4240,lemon cucumber,4240
4241,lemon curd,4241
4242,lemon drop candy,4242
4243,lemon essence,4243
4244,lemon extract,4244
4245,lemon frosting,4245
4246,lemon gelatin,4246
4247,lemon grass root,4247
4248,lemon instant pudding and pie filling,4248
4249,lemon jell-o gelatin,4249
4250,lemon jell-o powder,4250
4251,lemon jelly,4251
4252,lemon jelly crystal,4252
4253,lemon juice,4253
4254,lemon juice concentrate,4254
4255,lemon leaf,4255
4256,lemon liqueur,4256
4257,lemon marmalade,4257
4258,lemon myrtle,4258
4259,lemon oil,4259
4260,lemon peel,4260
4261,lemon peel strip,4261
4262,lemon pepper,4262
4263,lemon pepper seasoning,4263
4264,lemon pie filling,4264
4265,lemon pie filling mix,4265
4266,lemon pudding mix,4266
4267,lemon rind,4267
4268,lemon salt,4268
4269,lemon sherbet,4269
4270,lemon slice,4270
4271,lemon slouse,4271
4272,lemon soda,4272
4273,lemon sorbet,4273
4274,lemon syrup,4274
4275,lemon thyme,4275
4276,lemon thyme leaf,4276
4277,lemon twist,4277
4278,lemon verbena,4278
4279,lemon verbena leaf,4279
4280,lemon vinaigrette,4280
4281,lemon vodka,4281
4282,lemon wedge,4282
4283,lemon yogurt,4283
4284,lemon zest,4284
4285,"lemon, juice and rind of",4285
4286,"lemon, juice and zest of",4286
4287,"lemon, juice of",4287
4288,"lemon, rind of",4288
4289,"lemon, zest of",4289
4290,lemon-lime powdered drink mix,4290
4291,lemon-lime sherbet,4291
4292,lemon-lime soda,4292
4293,lemon-pepper seasoning,4293
4294,lemonade,4294
4295,lemonade concentrate,4295
4296,lemonade drink mix,4296
4297,lemonade mix,4297
4298,lemongras,4298
4299,lemoning,4299
4300,"lemons, juice and rind of",4300
4301,"lemons, juice and zest of",4301
4302,"lemons, juice of",4302
4303,"lemons, rind of",4303
4304,"lemons, zest of",4304
4305,lentil,4305
4306,lentil soup,4306
4307,lentil sprout,4307
4308,lettuce,4308
4309,libby's canned pumpkin,4309
4310,licor 43,4310
4311,licorice,4311
4312,licorice root,4312
4313,liempo,4313
4314,life cereal,4314
4315,lifesavers candy,4315
4316,lifesavers five roll candy,4316
4317,light asian vinaigrette,4317
4318,light beer,4318
4319,light bread,4319
4320,light brown sugar,4320
4321,light butter,4321
4322,light cane sugar,4322
4323,light cheese,4323
4324,light cheese whiz,4324
4325,light cherry pie filling,4325
4326,light chocolate syrup,4326
4327,light chunk tuna in water,4327
4328,light coconut cream,4328
4329,light coconut milk,4329
4330,light corn syrup,4330
4331,light cottage cheese,4331
4332,light cranberry juice,4332
4333,light cream,4333
4334,light demerara sugar,4334
4335,light fruit pectin,4335
4336,light fudge topping,4336
4337,light hamburger bun,4337
4338,light hawaiian punch,4338
4339,light jarlsberg cheese,4339
4340,light karo syrup,4340
4341,light maple syrup,4341
4342,light margarine,4342
4343,light margarine spread,4343
4344,light miso,4344
4345,light molass,4345
4346,light monterey jack cheese,4346
4347,light muscovado sugar,4347
4348,light non-dairy whipped topping,4348
4349,light oil,4349
4350,light pasta sauce,4350
4351,light peach yogurt,4351
4352,light peanut butter,4352
4353,light processed cheese,4353
4354,light raisin,4354
4355,light ricotta cheese,4355
4356,light rye bread,4356
4357,light rye flmy,4357
4358,light sesame oil,4358
4359,light sour cream,4359
4360,light soya sauce,4360
4361,light soymilk,4361
4362,light spaghetti sauce,4362
4363,light strawberry yogurt,4363
4364,light syrup,4364
4365,light teriyaki sauce,4365
4366,light vanilla ice cream,4366
4367,light vanilla soymilk,4367
4368,light vanilla yogurt,4368
4369,light vegetable oil,4369
4370,light vegetable oil spread,4370
4371,light vegetable stock,4371
4372,light whipped topping,4372
4373,light whole wheat bread,4373
4374,light-brown sugar,4374
4375,lightly sweetened whipped cream,4375
4376,lightly-salted butter,4376
4377,lillet blanc,4377
4378,lima bean,4378
4379,lime,4379
4380,lime cordial,4380
4381,lime curd,4381
4382,lime gelatin,4382
4383,lime jell-o gelatin,4383
4384,lime juice,4384
4385,lime juice concentrate,4385
4386,lime marmalade,4386
4387,lime oil,4387
4388,lime peel,4388
4389,lime pepper,4389
4390,lime rind,4390
4391,lime segment,4391
4392,lime seltzer water,4392
4393,lime sherbet,4393
4394,lime slice,4394
4395,lime slouse,4395
4396,lime soda water,4396
4397,lime sorbet,4397
4398,lime twist,4398
4399,lime wedge,4399
4400,lime yogurt,4400
4401,lime zest,4401
4402,"lime, juice and zest of",4402
4403,"lime, juice of",4403
4404,"lime, rind of",4404
4405,"lime, zest of",4405
4406,limeade,4406
4407,"limes, juice and rind of",4407
4408,"limes, juice and zest of",4408
4409,"limes, juice of",4409
4410,"limes, zest of",4410
4411,limoncello,4411
4412,lingonberry,4412
4413,lingonberry jam,4413
4414,lingonberry preserve,4414
4415,lingonberry sauce,4415
4416,linguine,4416
4417,linseed,4417
4418,liqueur,4418
4419,liquid,4419
4420,liquid certo,4420
4421,liquid crab boil concentrate,4421
4422,liquid creamer,4422
4423,liquid dish soap,4423
4424,liquid egg product,4424
4425,liquid egg substitute,4425
4426,liquid fruit pectin,4426
4427,liquid garlic,4427
4428,liquid glucose,4428
4429,liquid gravy browner,4429
4430,liquid honey,4430
4431,liquid hot pepper sauce,4431
4432,liquid lecithin,4432
4433,liquid pectin,4433
4434,liquid red pepper seasoning,4434
4435,liquid shortening,4435
4436,liquid smoke,4436
4437,liquid smokeing,4437
4438,liquid soap,4438
4439,liquid stevium,4439
4440,liquor,4440
4441,liquorice allsort,4441
4442,litchi,4442
4443,lite evaporated milk,4443
4444,lite firm tofu,4444
4445,lite silken firm tofu,4445
4446,littleneck clam,4446
4447,live blue crab,4447
4448,live lobster,4448
4449,liver,4449
4450,lizano sauce,4450
4451,lo mein noodle,4451
4452,lobster,4452
4453,lobster base,4453
4454,lobster meat,4454
4455,lobster shell,4455
4456,lobster stock,4456
4457,lobster tail,4457
4458,lobster tail meat,4458
4459,locatelli cheese,4459
4460,loin lamb,4460
4461,loin veal chop,4461
4462,lollipop,4462
4463,lollipop stick,4463
4464,london broil beef,4464
4465,long bean,4465
4466,long crusty bread,4466
4467,long grain and wild rice blend,4467
4468,long grain and wild rice mix,4468
4469,long grain brown rice,4469
4470,long grain rice,4470
4471,long grain white rice,4471
4472,long-grain minute rice,4472
4473,long-grain rice,4473
4474,long-grain white rice,4474
4475,longhorn cheese,4475
4476,loose tea,4476
4477,loquat,4477
4478,lotus seed,4478
4479,louisiana hot sauce,4479
4480,lovage,4480
4481,lox,4481
4482,lsa,4482
4483,lump crabmeat,4483
4484,lumpfish caviar,4484
4485,lumpia skin,4485
4486,lumps of sugar,4486
4487,lychee,4487
4488,lychee juice,4488
4489,lye,4489
4490,m&m',4490
4491,macadamia,4491
4492,macadamia half,4492
4493,macadamia nut,4493
4494,macadamia nut oil,4494
4495,macaroni,4495
4496,macaroni & cheese dinner mix,4496
4497,macaroni and cheese,4497
4498,macaroni and cheese mix,4498
4499,macaroni noodle,4499
4500,macaroni shells and cheese,4500
4501,macaroon,4501
4502,mace,4502
4503,mace blade,4503
4504,mache,4504
4505,macintosh toffee bar,4505
4506,mackerel,4506
4507,mackerel fillet,4507
4508,mackerel in tomato sauce,4508
4509,madeira wine,4509
4510,madras curry powder,4510
4511,mafalda pastum,4511
4512,maggi 2-minute noodle,4512
4513,maggi seasoning,4513
4514,maggi seasoning sauce,4514
4515,magic shell ice cream topping,4515
4516,mahi mahi,4516
4517,mahi mahi fillet,4517
4518,mahi mahi steak,4518
4519,mahleb,4519
4520,maize flmy,4520
4521,major grey chutney,4521
4522,malibu coconut liqueur,4522
4523,malt biscuit,4523
4524,malt drink powder,4524
4525,malt extract,4525
4526,malt syrup,4526
4527,malt vinegar,4527
4528,malted milk ball,4528
4529,malteser,4529
4530,manchego cheese,4530
4531,mandarin juice,4531
4532,mandarin liqueur,4532
4533,mandarin orange,4533
4534,mandarin orange juice,4534
4535,mandarin orange liquid,4535
4536,mandarin orange piece,4536
4537,mandarin orange section,4537
4538,mandarin orange segment,4538
4539,mandarin oranges in juice,4539
4540,mandarin oranges in light syrup,4540
4541,mandarin segment,4541
4542,mandarin vodka,4542
4543,mange-touts pea,4543
4544,mango,4544
4545,mango chutney,4545
4546,mango ice cream,4546
4547,mango juice,4547
4548,mango liqueur,4548
4549,mango nectar,4549
4550,mango peach salsa,4550
4551,mango powder,4551
4552,mango pulp,4552
4553,mango puree,4553
4554,mango salsa,4554
4555,mango sorbet,4555
4556,mango yogurt,4556
4557,mangoes in syrup,4557
4558,manicottus,4558
4559,manila clam,4559
4560,manioc starch,4560
4561,manouri cheese,4561
4562,manwich sloppy joe mix,4562
4563,manzanilla olife,4563
4564,maple bacon,4564
4565,maple extract,4565
4566,maple ham,4566
4567,maple sugar,4567
4568,maple syrup,4568
4569,mapleing,4569
4570,maraschino cherry,4570
4571,maraschino cherry juice,4571
4572,maraschino juice,4572
4573,marbled rye bread,4573
4574,margarine,4574
4575,margarine spread,4575
4576,margarita mix,4576
4577,margarita mix concentrate,4577
4578,marie biscuit,4578
4579,marinade,4579
4580,marinara sauce,4580
4581,marinated artichoke,4581
4582,marinated artichoke heart,4582
4583,marinated mushroom,4583
4584,marinated tofu,4584
4585,marjoram,4585
4586,marjoram leaf,4586
4587,marlin steak,4587
4588,marmalade,4588
4589,marmite,4589
4590,marrow,4590
4591,marrowfat pea,4591
4592,mars bar,4592
4593,marsala,4593
4594,marsala wine,4594
4595,marshmallow,4595
4596,marshmallow cream,4596
4597,marshmallow creme,4597
4598,marshmallow peep,4598
4599,marshmallow whip,4599
4600,marzipan,4600
4601,masa corn flmy,4601
4602,masa dough,4602
4603,masa harina,4603
4604,masa harina flmy,4604
4605,masala,4605
4606,masala paste,4606
4607,mascarpone,4607
4608,mascarpone cheese,4608
4609,mashed banana,4609
4610,mashed potato,4610
4611,mashed sweet potato,4611
4612,masoor dal,4612
4613,masterpiece barbecue sauce,4613
4614,matcha green tea powder,4614
4615,matzo,4615
4616,matzo cake meal,4616
4617,matzo cracker,4617
4618,matzo farfel,4618
4619,matzo meal,4619
4620,matzoh,4620
4621,matzoh cracker,4621
4622,maui onion,4622
4623,mayonnaise,4623
4624,maytag blue cheese,4624
4625,mccormick broiled steak seasoning,4625
4626,mccormick grill seasoning,4626
4627,mccormick mild chili seasoning,4627
4628,mccormick potato topper,4628
4629,mccormick pure vanilla extract,4629
4630,mccormick salad supreme seasoning,4630
4631,mccormick thyme leaf,4631
4632,mcintosh apple,4632
4633,mead,4633
4634,meal,4634
4635,meat,4635
4636,meat broth,4636
4637,meat dripping,4637
4638,meat marinade,4638
4639,meat piece,4639
4640,meat ravioli,4640
4641,meat seasoning,4641
4642,meat stock,4642
4643,meat tenderizer,4643
4644,meat-filled tortellini,4644
4645,meatball,4645
4646,meatless sauce,4646
4647,meatless spaghetti sauce,4647
4648,meatloaf,4648
4649,meatloaf mix,4649
4650,meatloaf mixture,4650
4651,meaux mustard,4651
4652,medium curry paste,4652
4653,medium egg noodle,4653
4654,medium firm tofu,4654
4655,medium grain rice,4655
4656,medium hot salsa,4656
4657,medium noodle,4657
4658,medium pasta shell,4658
4659,medium rye flmy,4659
4660,medium sherry,4660
4661,medium shrimp,4661
4662,medium-dry sherry,4662
4663,medium-grain white rice,4663
4664,medium-sized shrimp,4664
4665,melba round,4665
4666,melba sauce,4666
4667,melba toast,4667
4668,melon,4668
4669,melon ball,4669
4670,melon liqueur,4670
4671,menudo spice mix,4671
4672,meringue,4672
4673,meringue nest,4673
4674,meringue powder,4674
4675,merlot,4675
4676,mesclun,4676
4677,mesquite deli turkey,4677
4678,mesquite liquid smoke,4678
4679,mesquite powder,4679
4680,mesquite wood chip,4680
4681,metaxa brandy,4681
4682,methi leaf,4682
4683,methi seed,4683
4684,mexican blend cheese,4684
4685,mexican cheese,4685
4686,mexican cheese blend,4686
4687,mexican chili bean,4687
4688,mexican chili powder,4688
4689,mexican chocolate,4689
4690,mexican crema,4690
4691,mexican hot sauce,4691
4692,mexican oregano,4692
4693,mexican rice,4693
4694,mexican seasoning,4694
4695,mexican tomato,4695
4696,mexican tomato sauce,4696
4697,mexican vegetarian ground meat substitute,4697
4698,mexicorn,4698
4699,mexicorn whole kernel corn,4699
4700,meyer lemon,4700
4701,meyer lemon zest,4701
4702,microwave kettle popcorn,4702
4703,microwave popcorn,4703
4704,midori melon liqueur,4704
4705,mild cheese,4705
4706,mild chili pepper,4706
4707,mild chili powder,4707
4708,mild curry paste,4708
4709,mild curry powder,4709
4710,mild enchilada sauce,4710
4711,mild green chili,4711
4712,mild green chily,4712
4713,mild paprika,4713
4714,mild red onion,4714
4715,mild salsa,4715
4716,mild taco sauce,4716
4717,milk,4717
4718,milk chocolate,4718
4719,milk chocolate and caramel swirled morsel,4719
4720,milk chocolate brownie mix,4720
4721,milk chocolate candy,4721
4722,milk chocolate chip,4722
4723,milk chocolate frosting,4723
4724,milk chocolate kis,4724
4725,milk chocolate kiss,4725
4726,milk chocolate liqueur,4726
4727,milk chocolate melt,4727
4728,milk chocolate piece,4728
4729,milk dud,4729
4730,milky way bar,4730
4731,millet,4731
4732,millet flmy,4732
4733,millet seed,4733
4734,milnot condensed milk,4734
4735,milo,4735
4736,minced beef,4736
4737,minced chicken,4737
4738,minced clam,4738
4739,minced fresh garlic clove,4739
4740,minced garlic clove,4740
4741,minced ginger,4741
4742,minced meat,4742
4743,mincemeat,4743
4744,mineral water,4744
4745,minestrone soup,4745
4746,mint,4746
4747,mint chip,4747
4748,mint chocolate,4748
4749,mint chocolate chip,4749
4750,mint chocolate chip ice cream,4750
4751,mint creme-filled chocolate sandwich cookies,4751
4752,mint extract,4752
4753,mint herbal tea bag,4753
4754,mint jelly,4754
4755,mint leaf,4755
4756,mint sauce,4756
4757,mint sprig,4757
4758,minute brown rice,4758
4759,minute rice,4759
4760,minute steak,4760
4761,minute tapioca,4761
4762,minute white rice,4762
4763,miracle whip,4763
4764,miracle whip light,4764
4765,mirepoix,4765
4766,mirin,4766
4767,mirliton,4767
4768,miso,4768
4769,mix,4769
4770,mix for beef pastum,4770
4771,mixed baby green,4771
4772,mixed berry,4772
4773,mixed candied fruit,4773
4774,mixed candied peel,4774
4775,mixed cheese,4775
4776,mixed dried berry,4776
4777,mixed dried fruit,4777
4778,mixed french herb,4778
4779,mixed fresh herb,4779
4780,mixed fruit,4780
4781,mixed glace fruit,4781
4782,mixed grain bread,4782
4783,mixed green,4783
4784,mixed green and yellow bean,4784
4785,mixed herb,4785
4786,mixed italian herb,4786
4787,mixed mushroom,4787
4788,mixed nut,4788
4789,mixed nuts and dried fruit,4789
4790,mixed peel,4790
4791,mixed pepper,4791
4792,mixed peppercorn,4792
4793,mixed salad green,4793
4794,mixed seed,4794
4795,mixed spice,4795
4796,mixed sprout,4796
4797,mixed vegetable,4797
4798,mixed-grain hamburger bun,4798
4799,mizithra cheese,4799
4800,mizuna,4800
4801,mo glutamate,4801
4802,mocha coffee,4802
4803,mocha instant coffee,4803
4804,mochiko sweet rice flmy,4804
4805,moist coconut,4805
4806,mojito mix,4806
4807,molass,4807
4808,mole,4808
4809,molly mcbutter,4809
4810,momokawa diamond sake,4810
4811,monkfish,4811
4812,montasio cheese,4812
4813,monterey jack and colby cheese,4813
4814,monterey jack cheese,4814
4815,monterey jack cheese cube,4815
4816,monterey jack pepper cheese,4816
4817,montrachet,4817
4818,montreal chicken seasoning,4818
4819,montreal roasted garlic chicken seasoning,4819
4820,montreal steak seasoning,4820
4821,montrealsteak seasoning,4821
4822,moo shu pancake,4822
4823,moose,4823
4824,morel,4824
4825,mori-nu firm lite tofu,4825
4826,moroccan seasoning,4826
4827,mortadella,4827
4828,morton lite salt,4828
4829,morton nature seasons seasoning blend,4829
4830,morton tender quick salt,4830
4831,mostaccioli noodle,4831
4832,mostaccioli pastum,4832
4833,mountain bread,4833
4834,mountain dew soda,4834
4835,mountain pepper,4835
4836,mozzarella,4836
4837,mrs richardson's caramel topping,4837
4838,msg,4838
4839,muenster cheese,4839
4840,muesli,4840
4841,muffin,4841
4842,mulberry,4842
4843,mulling spice,4843
4844,multi-bran chex,4844
4845,multi-grain bread,4845
4846,multi-grain cereal,4846
4847,multi-grain cracker,4847
4848,multi-grain flmy,4848
4849,multi-grain hamburger bun,4849
4850,multi-grain hot cereal,4850
4851,multi-grain penne,4851
4852,multi-grain roll,4852
4853,multi-grain spaghettus,4853
4854,multicolored sugar nonpareil,4854
4855,multigrain bread,4855
4856,mung bean,4856
4857,mung bean noodle,4857
4858,mung bean sprout,4858
4859,mung dal,4859
4860,muscat wine,4860
4861,muscatel,4861
4862,muscovado sugar,4862
4863,mushroom,4863
4864,mushroom and green pepper spaghetti sauce,4864
4865,mushroom beef gravy,4865
4866,mushroom broth,4866
4867,mushroom cap,4867
4868,mushroom gravy,4868
4869,mushroom gravy mix,4869
4870,mushroom liquid,4870
4871,mushroom piece,4871
4872,mushroom soup,4872
4873,mushroom soup mix,4873
4874,mushroom stem,4874
4875,mushroom stems and piece,4875
4876,mushroom stock,4876
4877,mushroom tortellini,4877
4878,muskmelon,4878
4879,mussel,4879
4880,mustard,4880
4881,mustard green,4881
4882,mustard oil,4882
4883,mustard powder,4883
4884,mustard seed,4884
4885,mutton,4885
4886,naan bread,4886
4887,nacho cheese,4887
4888,nacho cheese dip,4888
4889,nacho cheese dorito,4889
4890,nacho cheese soup,4890
4891,nacho chip,4891
4892,nam pla,4892
4893,nanami togarashi,4893
4894,napa cabbage,4894
4895,napa cabbage leaf,4895
4896,nashi,4896
4897,nasturtium leaf,4897
4898,nasturtium petal,4898
4899,natural almond,4899
4900,natural applesauce,4900
4901,natural bran,4901
4902,natural cane sugar,4902
4903,natural yoghurt,4903
4904,nature's season,4904
4905,navel orange,4905
4906,"navel orange, juice of",4906
4907,navy bean,4907
4908,neapolitan ice cream,4908
4909,nectarine,4909
4910,nestl butterscotch morsel,4910
4911,nestl chocolate morsel,4911
4912,nestl premier white morsel,4912
4913,nettle,4913
4914,neufchatel cheese,4914
4915,new england clam chowder,4915
4916,new mexico green chily,4916
4917,new mexico pepper,4917
4918,new potato,4918
4919,new york strip steak,4919
4920,newburg sauce mix,4920
4921,nicoise olife,4921
4922,nicoise olive,4922
4923,nigella seed,4923
4924,nilla wafer crumb,4924
4925,niter kebbeh,4925
4926,no yolk noodle,4926
4927,no yolks egg noodle substitute,4927
4928,no-added-salt tomato paste,4928
4929,no-bean chili,4929
4930,no-boil lasagna noodle,4930
4931,non-alcoholic beer,4931
4932,non-creamy horseradish,4932
4933,non-dairy beverage,4933
4934,non-dairy chocolate chip,4934
4935,non-dairy coffee creamer,4935
4936,non-dairy milk substitute,4936
4937,non-dairy powdered coffee creamer,4937
4938,non-dairy whipped topping,4938
4939,non-dairy whipping cream,4939
4940,non-hydrogenated margarine,4940
4941,non-hydrogenated vegan margarine,4941
4942,non-iodized salt,4942
4943,non-pareil,4943
4944,nonpareil,4944
4945,nonstick baking spray,4945
4946,nonstick spray coating,4946
4947,noodle,4947
4948,noodles and sauce,4948
4949,nopale,4949
4950,nopalito,4950
4951,nori goma furikake,4951
4952,nori sushi sheet,4952
4953,northwest triple berry preserve,4953
4954,norus,4954
4955,nu-salt,4955
4956,nuoc cham sauce,4956
4957,nuoc nam,4957
4958,nut,4958
4959,nut butter,4959
4960,nut oil,4960
4961,nut quick bread mix,4961
4962,nutella,4962
4963,nutmeat,4963
4964,nutmeg,4964
4965,nutrasweet,4965
4966,nutri flour blend,4966
4967,o'brien frozen potato,4967
4968,o'brien potato,4968
4969,oat,4969
4970,oat bran,4970
4971,oat bran flmy,4971
4972,oat bran hot cereal,4972
4973,oat flmy,4973
4974,oat milk,4974
4975,oatmeal,4975
4976,oatmeal bread,4976
4977,oatmeal cookie mix,4977
4978,oatmeal cookies,4978
4979,oatmeal squares cereal,4979
4980,oatnut bread,4980
4981,oats and honey crunchy granola bar,4981
4982,oaxaca cheese,4982
4983,ocean perch fillet,4983
4984,octopu,4984
4985,of fresh mint,4985
4986,ohydrate baking mix,4986
4987,oil,4987
4988,oil substitute,4988
4989,oil-cured black olife,4989
4990,oil-cured black olive,4990
4991,oil-cured green olife,4991
4992,oil-cured olife,4992
4993,okara,4993
4994,okra,4994
4995,okra pod,4995
4996,old bay seasoning,4996
4997,old english cheese,4997
4998,old fashioned oat,4998
4999,old-fashioned oat,4999
5000,old-fashioned oatmeal,5000
5001,oleo,5001
5002,olife,5002
5003,olive,5003
5004,olive bread,5004
5005,olive juice,5005
5006,olive oil,5006
5007,olive salad,5007
5008,olive spread,5008
5009,olives in brine,5009
5010,onion,5010
5011,onion and garlic crouton,5011
5012,onion and garlic powder,5012
5013,onion and herb seasoning,5013
5014,onion and mushroom soup mix,5014
5015,onion bagel,5015
5016,onion dip,5016
5017,onion dip mix,5017
5018,onion flake,5018
5019,onion gravy mix,5019
5020,onion hamburger bun,5020
5021,onion juice,5021
5022,onion mushroom dry soup mix,5022
5023,onion paste,5023
5024,onion powder,5024
5025,onion ring,5025
5026,onion roasted garlic soup mix,5026
5027,onion roll,5027
5028,onion salt,5028
5029,onion seed,5029
5030,onion skin,5030
5031,onion soup,5031
5032,onion soup base,5032
5033,onion soup mix,5033
5034,onion top,5034
5035,onion white,5035
5036,opal basil,5036
5037,open pit barbecue sauce,5037
5038,orange,5038
5039,orange bell pepper,5039
5040,orange bitter,5040
5041,orange blossom honey,5041
5042,orange blossom water,5042
5043,orange brandy,5043
5044,orange breakfast drink mix,5044
5045,orange craisin,5045
5046,orange curacao,5046
5047,orange curd,5047
5048,orange dried cranberry,5048
5049,orange drink mix,5049
5050,orange essence,5050
5051,orange extract,5051
5052,orange flower water,5052
5053,orange food coloring,5053
5054,orange gelatin,5054
5055,orange gelatin mix,5055
5056,orange jell-o,5056
5057,orange jelly powder,5057
5058,orange juice,5058
5059,orange juice concentrate,5059
5060,orange lentil,5060
5061,orange liqueur,5061
5062,orange marmalade,5062
5063,orange oil,5063
5064,orange peel,5064
5065,orange pekoe tea bag,5065
5066,orange pepper,5066
5067,orange pulp,5067
5068,orange rind,5068
5069,orange rind twist,5069
5070,orange roughy,5070
5071,orange roughy fillet,5071
5072,orange section,5072
5073,orange sherbet,5073
5074,orange slice,5074
5075,orange slice candy,5075
5076,orange slouse,5076
5077,orange soda,5077
5078,orange sorbet,5078
5079,orange spice tea bag,5079
5080,orange spread,5080
5081,orange sprinkle,5081
5082,orange squash,5082
5083,orange strip,5083
5084,orange sweet bell pepper,5084
5085,orange sweet potato,5085
5086,orange syrup,5086
5087,orange twist,5087
5088,orange wedge,5088
5089,orange yogurt,5089
5090,orange zest,5090
5091,"orange, juice and rind of",5091
5092,"orange, juice and zest of",5092
5093,"orange, juice of",5093
5094,"orange, rind of",5094
5095,"orange, zest of",5095
5096,orange-grapefruit juice,5096
5097,orange-infused vodka,5097
5098,orange-mango juice,5098
5099,orangeing,5099
5100,"oranges, juice and rind of",5100
5101,"oranges, juice and zest of",5101
5102,"oranges, juice of",5102
5103,"oranges, rind of",5103
5104,"oranges, zest of",5104
5105,orecchiette,5105
5106,oregano,5106
5107,oregano flake,5107
5108,oregano leaf,5108
5109,oregano sprig,5109
5110,oreo cookie crumb,5110
5111,oreo cookie pie crust,5111
5112,oreo cookies,5112
5113,oreo double stuff cookies,5113
5114,orgeat syrup,5114
5115,oriental instant ramen noodle,5115
5116,oriental ramen noodle soup mix,5116
5117,oriental sesame oil,5117
5118,origanum,5118
5119,ortega green chily,5119
5120,ortega taco seasoning,5120
5121,orzo,5121
5122,orzo pastum,5122
5123,other dried fruit,5123
5124,other seasoning,5124
5125,ouzo,5125
5126,ovaltine,5126
5127,oven cooking bag,5127
5128,oven-roasted deli chicken,5128
5129,oven-roasted turkey breast,5129
5130,ox tongue,5130
5131,oxo beef cube,5131
5132,oxtail,5132
5133,oyster,5133
5134,oyster cracker,5134
5135,oyster liquor,5135
5136,oyster mushroom,5136
5137,oyster sauce,5137
5138,pace picante sauce,5138
5139,packaged coleslaw mix,5139
5140,pak chous,5140
5141,pale ale,5141
5142,palm oil,5142
5143,palm sugar,5143
5144,pan dripping,5144
5145,pan juice,5145
5146,panang curry paste,5146
5147,pancake,5147
5148,pancake batter,5148
5149,pancake syrup,5149
5150,pancettum,5150
5151,panch phoron,5151
5152,pandan extract,5152
5153,pandan leaf,5153
5154,paneer cheese,5154
5155,panettone,5155
5156,panini bread,5156
5157,panir,5157
5158,panko breadcrumb,5158
5159,papaya,5159
5160,papaya nectar,5160
5161,papaya seed,5161
5162,paper,5162
5163,paper baking cup,5163
5164,paper cup,5164
5165,paper towel,5165
5166,pappadam,5166
5167,pappardelle pastum,5167
5168,paprika,5168
5169,paprika paste,5169
5170,paraffin wax,5170
5171,paraffin wax block,5171
5172,parboiled rice,5172
5173,parchment paper,5173
5174,parkay margarine,5174
5175,parma ham,5175
5176,parma rosa sauce mix,5176
5177,parmesan,5177
5178,parmesan asiago and romano cheese blend,5178
5179,parmesan breadcrumb,5179
5180,parmesan cheese,5180
5181,parmesan rind,5181
5182,parmesan-romano cheese mix,5182
5183,parmigiano,5183
5184,parmigiano-reggiano cheese,5184
5185,parsley,5185
5186,parsley flake,5186
5187,parsley root,5187
5188,parsley sprig,5188
5189,parsley stem,5189
5190,parsnip,5190
5191,part-skim ricotta cheese,5191
5192,partridge,5192
5193,partridge breast,5193
5194,passatum,5194
5195,passion fruit,5195
5196,passion fruit juice,5196
5197,passion fruit nectar,5197
5198,passion fruit pulp,5198
5199,passion fruit puree,5199
5200,passion fruit syrup,5200
5201,passionfruit syrup,5201
5202,pasta dough,5202
5203,pasta noodle,5203
5204,pasta roni,5204
5205,pasta sauce,5205
5206,pasta shell,5206
5207,pasteurized liquid egg-white,5207
5208,pastina,5208
5209,pastrami,5209
5210,pastry crust,5210
5211,pastry dough,5211
5212,pastry flmy,5212
5213,pastry for a double-crust pie,5213
5214,pastry for double crust pie,5214
5215,pastry for double-crust deep dish pie,5215
5216,pastry for double-crust pie,5216
5217,pastry for single-crust pie,5217
5218,pastry shell,5218
5219,pastum,5219
5220,pati,5220
5221,patty shell,5221
5222,pattypan squash,5222
5223,pawpaw,5223
5224,pea,5224
5225,pea pod,5225
5226,pea protein powder,5226
5227,pea shoot,5227
5228,pea tendril,5228
5229,peach,5229
5230,peach baby food,5230
5231,peach brandy,5231
5232,peach chutney,5232
5233,peach gelatin,5233
5234,peach gelatin mix,5234
5235,peach halves in syrup,5235
5236,peach ice cream,5236
5237,peach jam,5237
5238,peach jell-o,5238
5239,peach juice,5239
5240,peach liqueur,5240
5241,peach nectar,5241
5242,peach pie filling,5242
5243,peach preserve,5243
5244,peach puree,5244
5245,peach salsa,5245
5246,peach schnapp,5246
5247,peach slice,5247
5248,peach slices in heavy syrup,5248
5249,peach slices in juice,5249
5250,peach slices in syrup,5250
5251,peach syrup,5251
5252,peach vodka,5252
5253,peach wine,5253
5254,peach yogurt,5254
5255,peaches in heavy syrup,5255
5256,peaches in juice,5256
5257,peaches in light syrup,5257
5258,peameal bacon,5258
5259,peanut,5259
5260,peanut brittle,5260
5261,peanut butter,5261
5262,peanut butter and milk chocolate chip,5262
5263,peanut butter captain crunch cereal,5263
5264,peanut butter chip,5264
5265,peanut butter cookie,5265
5266,peanut butter cookie dough,5266
5267,peanut butter cookie mix,5267
5268,peanut butter cookies,5268
5269,peanut butter cup,5269
5270,peanut butter cup ature,5270
5271,peanut butter frosting,5271
5272,peanut butter kiss,5272
5273,peanut butter morsel,5273
5274,peanut butter sandwich cookie,5274
5275,peanut butter sandwich cookies,5275
5276,peanut oil,5276
5277,peanut sauce,5277
5278,peanut sauce mix,5278
5279,peapod,5279
5280,pear,5280
5281,pear baby food,5281
5282,pear brandy,5282
5283,pear half,5283
5284,pear halves in natural juice,5284
5285,pear juice,5285
5286,pear liqueur,5286
5287,pear nectar,5287
5288,pear syrup,5288
5289,pear vodka,5289
5290,pearl barley,5290
5291,pearl onion,5291
5292,pearl tapioca,5292
5293,pears in heavy syrup,5293
5294,pears in light syrup,5294
5295,peas and carrot,5295
5296,peas and pearl onion,5296
5297,peasant bread,5297
5298,pecan,5298
5299,pecan cake frosting,5299
5300,pecan chip,5300
5301,pecan half,5301
5302,pecan meal,5302
5303,pecan nut,5303
5304,pecan piece,5304
5305,pecan sandy,5305
5306,pecan shortbread cookies,5306
5307,pecorino cheese,5307
5308,pecorino pepato cheese,5308
5309,pecorino romano cheese,5309
5310,pectic enzyme powder,5310
5311,pectin,5311
5312,peeled tomato,5312
5313,penne,5313
5314,penne pastum,5314
5315,penne rigate,5315
5316,pepita,5316
5317,peppadew pepper,5317
5318,peppar vodka,5318
5319,pepper,5319
5320,pepper bacon,5320
5321,pepper jelly,5321
5322,pepper ring,5322
5323,pepper sauce,5323
5324,peppercorn,5324
5325,peppercorn blend,5325
5326,peppermint,5326
5327,peppermint candy,5327
5328,peppermint extract,5328
5329,peppermint ice cream,5329
5330,peppermint leaf,5330
5331,peppermint oil,5331
5332,peppermint oreo,5332
5333,peppermint patty,5333
5334,peppermint schnapp,5334
5335,peppermint stick candy,5335
5336,peppermint syrup,5336
5337,peppermint tea bag,5337
5338,pepperoncini pepper,5338
5339,pepperoncini pepper juice,5339
5340,pepperoni,5340
5341,pepperoni slice,5341
5342,pepperoni slouse,5342
5343,pepsi,5343
5344,perch,5344
5345,perch fillet,5345
5346,perdue short cuts roasted carved chicken breast,5346
5347,peri-perus,5347
5348,pernod,5348
5349,persimmon,5349
5350,persimmon pulp,5350
5351,pesto sauce,5351
5352,pesto sauce mix,5352
5353,pet milk,5353
5354,petit beurre biscuit,5354
5355,pheasant,5355
5356,pheasant breast,5356
5357,phyllo dough,5357
5358,phyllo pastry,5358
5359,phyllo pastry sheet,5359
5360,piave cheese,5360
5361,picante salsa,5361
5362,picante sauce,5362
5363,pickapeppa sauce,5363
5364,pickerel fillet,5364
5365,pickle,5365
5366,pickling cucumber,5366
5367,pickling lime,5367
5368,pickling onion,5368
5369,pickling salt,5369
5370,pickling spice,5370
5371,pickling vinegar,5371
5372,pico de gallo,5372
5373,pie apple,5373
5374,pie cherry,5374
5375,pie crust,5375
5376,pie crust mix,5376
5377,pie dough,5377
5378,pie filling,5378
5379,pie pastry,5379
5380,pie plate,5380
5381,pie shell,5381
5382,piece,5382
5383,pierogi,5383
5384,pierogy,5384
5385,pig head,5385
5386,pig's foot,5386
5387,pigeon pea,5387
5388,pignoli,5388
5389,pignoli nut,5389
5390,pigs tail,5390
5391,piloncillo,5391
5392,pilsner beer,5392
5393,pimento,5393
5394,pimento cheese,5394
5395,pimento pepper,5395
5396,pimento spread,5396
5397,pimento strip,5397
5398,pimento stuffed olife,5398
5399,pimento stuffed olive,5399
5400,pimento-stuffed green olife,5400
5401,pimenton,5401
5402,pimiento,5402
5403,pimiento strip,5403
5404,pimm,5404
5405,pina colada nonalcoholic drink mix,5405
5406,pina colada yogurt,5406
5407,pine nut,5407
5408,pineapple,5408
5409,pineapple bit,5409
5410,pineapple chunk,5410
5411,pineapple chunks in heavy syrup,5411
5412,pineapple chunks in juice,5412
5413,pineapple chunks in syrup,5413
5414,pineapple essence,5414
5415,pineapple extract,5415
5416,pineapple filling,5416
5417,pineapple gelatin mix,5417
5418,pineapple in juice,5418
5419,pineapple in syrup,5419
5420,pineapple jam,5420
5421,pineapple jell-o,5421
5422,pineapple juice,5422
5423,pineapple juice concentrate,5423
5424,pineapple preserve,5424
5425,pineapple ring,5425
5426,pineapple salsa,5426
5427,pineapple sherbet,5427
5428,pineapple slice,5428
5429,pineapple slices in juice,5429
5430,pineapple slices in syrup,5430
5431,pineapple slouse,5431
5432,pineapple sorbet,5432
5433,pineapple syrup,5433
5434,pineapple tidbit,5434
5435,pineapple tidbits in juice,5435
5436,pineapple tidbits in syrup,5436
5437,pineapple topping,5437
5438,pineapple vodka,5438
5439,pineapple yogurt,5439
5440,pineapple-coconut juice,5440
5441,pineapple-orange juice,5441
5442,pineapple-orange juice concentrate,5442
5443,pineapple-orange marmalade,5443
5444,pineapple-orange-banana juice,5444
5445,pinhead oat,5445
5446,pink bean,5446
5447,pink champagne,5447
5448,pink food coloring,5448
5449,pink grapefruit,5449
5450,pink grapefruit juice,5450
5451,pink lemonade,5451
5452,pink peppercorn,5452
5453,pink salmon,5453
5454,pinot grigio wine,5454
5455,pinot noir wine,5455
5456,pinto bean,5456
5457,piquillo pepper,5457
5458,piquin chily,5458
5459,piri-pirus,5459
5460,pirouette cookies,5460
5461,pisco,5461
5462,pistachio,5462
5463,pistachio ice cream,5463
5464,pistachio nut,5464
5465,pistachio oil,5465
5466,pistachio pudding mix,5466
5467,pistum,5467
5468,pita,5468
5469,pita bread,5469
5470,pita bread round,5470
5471,pita chip,5471
5472,pita pocket,5472
5473,pita pocket bread,5473
5474,pitaya,5474
5475,pitted black olife,5475
5476,pitted date,5476
5477,pitted olife,5477
5478,pitted prune,5478
5479,pizza,5479
5480,pizza cheese,5480
5481,pizza crust,5481
5482,pizza crust mix,5482
5483,pizza dough,5483
5484,pizza dough mix,5484
5485,pizza sauce,5485
5486,pizza seasoning,5486
5487,pizza topping,5487
5488,plaice fillet,5488
5489,plain bar,5489
5490,plain bread crumb,5490
5491,plain breadcrumb,5491
5492,plain cornmeal,5492
5493,plain croissant,5493
5494,plain dorito,5494
5495,plain flmy,5495
5496,plain gelatin,5496
5497,plain kefir,5497
5498,plain soymilk,5498
5499,plain sweet biscuit,5499
5500,plain sweet biscuit crumb,5500
5501,plain white flmy,5501
5502,plain yogurt,5502
5503,plantain,5503
5504,plantain chip,5504
5505,planters pecan,5505
5506,planters sliced almond,5506
5507,plastic cup,5507
5508,plastic spoon,5508
5509,plastic wrap,5509
5510,plum,5510
5511,plum baby food,5511
5512,plum brandy,5512
5513,plum jam,5513
5514,plum jelly,5514
5515,plum juice,5515
5516,plum preserve,5516
5517,plum puree,5517
5518,plum sauce,5518
5519,plum tomato,5519
5520,plum tomatoes in puree,5520
5521,plum wine,5521
5522,plums in heavy syrup,5522
5523,pluot,5523
5524,poblano pepper,5524
5525,poblano soup,5525
5526,pocketless pita,5526
5527,polenta flmy,5527
5528,polentum,5528
5529,polish kielbasa,5529
5530,pollock,5530
5531,pollock fillet,5531
5532,polska kielbasa,5532
5533,polyunsaturated margarine,5533
5534,polyunsaturated oil,5534
5535,pomegranate,5535
5536,pomegranate aril,5536
5537,pomegranate juice,5537
5538,pomegranate liqueur,5538
5539,pomegranate molass,5539
5540,pomegranate paste,5540
5541,pomegranate powder,5541
5542,pomegranate seed,5542
5543,pomegranate syrup,5543
5544,"pomegranate, seeds of",5544
5545,pomegranate-acai juice,5545
5546,pomegranate-blueberry juice,5546
5547,pomegranate-cranberry juice,5547
5548,pomelo fruit,5548
5549,pommery mustard,5549
5550,ponzu sauce,5550
5551,popcorn,5551
5552,popcorn chicken,5552
5553,popcorn shrimp,5553
5554,popped corn,5554
5555,popped popcorn,5555
5556,poppy seed,5556
5557,poppy seed filling,5557
5558,poppy seed roll,5558
5559,popsicle mold,5559
5560,porcini mushroom,5560
5561,pork,5561
5562,pork & bean,5562
5563,pork and bean,5563
5564,pork and beans in tomato sauce,5564
5565,pork baby back rib,5565
5566,pork back rib,5566
5567,pork belly,5567
5568,pork blade roast,5568
5569,pork blade steak,5569
5570,pork bone,5570
5571,pork butt,5571
5572,pork butt steak,5572
5573,pork butterfly steak,5573
5574,pork chop,5574
5575,pork coating mix,5575
5576,pork crackling,5576
5577,pork cube steak,5577
5578,pork cutlet,5578
5579,pork fat,5579
5580,pork fatback,5580
5581,pork filet,5581
5582,pork fillet,5582
5583,pork gravy,5583
5584,pork gravy mix,5584
5585,pork hock,5585
5586,pork jowl,5586
5587,pork knuckle,5587
5588,pork leg,5588
5589,pork leg steak,5589
5590,pork loin,5590
5591,pork loin chop,5591
5592,pork loin roast,5592
5593,pork loin steak,5593
5594,pork medallion,5594
5595,pork mince,5595
5596,pork neck,5596
5597,pork neck bone,5597
5598,pork ramen noodle,5598
5599,pork rib,5599
5600,pork rib chop,5600
5601,pork rib rack,5601
5602,pork rib roast,5602
5603,pork riblet,5603
5604,pork rind,5604
5605,pork roast,5605
5606,pork roll,5606
5607,pork schnitzel,5607
5608,pork seasoning,5608
5609,pork shank,5609
5610,pork shoulder,5610
5611,pork shoulder blade roast,5611
5612,pork shoulder butt,5612
5613,pork shoulder chop,5613
5614,pork shoulder steak,5614
5615,pork side rib,5615
5616,pork sirloin,5616
5617,pork sirloin chop,5617
5618,pork sirloin roast,5618
5619,pork sirloin tip roast,5619
5620,pork skin,5620
5621,pork spare rib rack,5621
5622,pork sparerib,5622
5623,pork steak,5623
5624,pork stew meat,5624
5625,pork stock,5625
5626,pork stuffing mix,5626
5627,pork tenderloin,5627
5628,pork tenderloin chop,5628
5629,pork tenderloin steak,5629
5630,pork top loin,5630
5631,porridge oat,5631
5632,port wine,5632
5633,port wine cheese,5633
5634,portabella mushroom,5634
5635,portabella mushroom cap,5635
5636,portabella mushroom ravioli,5636
5637,porter,5637
5638,porterhouse steak,5638
5639,portuguese bread,5639
5640,portuguese chourico,5640
5641,portuguese roll,5641
5642,post grape-nuts cereal,5642
5643,pot barley,5643
5644,pot cheese,5644
5645,pot roast,5645
5646,pot sticker,5646
5647,potassium chloride,5647
5648,potato,5648
5649,potato & cheese pierogi,5649
5650,potato & cheese pierogy,5650
5651,potato bread,5651
5652,potato bun,5652
5653,potato cake,5653
5654,potato chip,5654
5655,potato dinner roll,5655
5656,potato flake,5656
5657,potato flmy,5657
5658,potato gnocchi,5658
5659,potato pierogy,5659
5660,potato salad,5660
5661,potato skin,5661
5662,potato starch,5662
5663,potato stick,5663
5664,potato water,5664
5665,poultry,5665
5666,poultry dripping,5666
5667,poultry seasoning,5667
5668,pound cake,5668
5669,poundcake,5669
5670,powdered 10x sugar,5670
5671,powdered allspice,5671
5672,powdered alum,5672
5673,powdered basil,5673
5674,powdered chipotle pepper,5674
5675,powdered chocolate milk mix,5675
5676,powdered clove,5676
5677,powdered cocoa mix,5677
5678,powdered coffee creamer,5678
5679,powdered cumin,5679
5680,powdered drink mix,5680
5681,powdered egg substitute,5681
5682,powdered egg white,5682
5683,powdered french vanilla non-dairy coffee creamer,5683
5684,powdered fruit pectin,5684
5685,powdered ginger,5685
5686,powdered instant coffee,5686
5687,powdered milk,5687
5688,powdered non-dairy coffee creamer,5688
5689,powdered nondairy creamer,5689
5690,powdered orange breakfast drink mix,5690
5691,powdered oregano,5691
5692,powdered peanut butter,5692
5693,powdered saffron,5693
5694,powdered soy protein concentrate,5694
5695,powdered sugar,5695
5696,powdered sugar icing,5696
5697,powdered thyme,5697
5698,powdered turmeric,5698
5699,powdered vanilla coffee creamer,5699
5700,praline,5700
5701,praline liqueur,5701
5702,praline sauce,5702
5703,praline syrup,5703
5704,prawn,5704
5705,pre-baked crumb crust,5705
5706,premade puff pastry,5706
5707,preserve,5707
5708,preserved black bean,5708
5709,preserved gingerroot,5709
5710,preserved lemon,5710
5711,pretzel,5711
5712,pretzel crumb,5712
5713,pretzel nugget,5713
5714,pretzel rod,5714
5715,pretzel stick,5715
5716,pretzel twist,5716
5717,prickly pear,5717
5718,prickly pear cactu,5718
5719,prime rib roast,5719
5720,process american cheese,5720
5721,processed cheese,5721
5722,processed cheese slice,5722
5723,processed swiss cheese,5723
5724,prosciutto,5724
5725,prosciutto di parma,5725
5726,prosciutto ham,5726
5727,prosecco,5727
5728,protein powder,5728
5729,protein shake mix,5729
5730,provel cheese,5730
5731,provolone cheese,5731
5732,prune,5732
5733,prune baby food,5733
5734,prune juice,5734
5735,prune puree,5735
5736,psyllium,5736
5737,psyllium husk,5737
5738,pudding,5738
5739,pudding mix,5739
5740,pudding rice,5740
5741,puff pastry,5741
5742,puff pastry sheet,5742
5743,puff pastry shell,5743
5744,puffed brown rice cereal,5744
5745,puffed corn cereal,5745
5746,puffed kashi,5746
5747,puffed rice cereal,5747
5748,puffed wheat cereal,5748
5749,puffs cereal,5749
5750,pumpernickel bread,5750
5751,pumpernickel cocktail bread,5751
5752,pumpernickel round,5752
5753,pumpkin,5753
5754,pumpkin butter,5754
5755,pumpkin flesh,5755
5756,pumpkin pie,5756
5757,pumpkin pie filling,5757
5758,pumpkin pie mix,5758
5759,pumpkin pie spice,5759
5760,pumpkin puree,5760
5761,pumpkin seed,5761
5762,pumpkin seed oil,5762
5763,pumpkin soup,5763
5764,pumpkin spice,5764
5765,pumpkin spice syrup,5765
5766,pure maple syrup,5766
5767,pure vanilla extract,5767
5768,puree,5768
5769,purple basil,5769
5770,purple bell pepper,5770
5771,purple cabbage,5771
5772,purple cauliflower,5772
5773,purple onion,5773
5774,purple plum,5774
5775,purple potato,5775
5776,purple seedless grape,5776
5777,purple turnip,5777
5778,purslane,5778
5779,quahog,5779
5780,quail,5780
5781,quail egg,5781
5782,quark,5782
5783,quark cheese,5783
5784,quatre-epice,5784
5785,queso anejo,5785
5786,queso blanco,5786
5787,queso fresco,5787
5788,queso ranchero,5788
5789,queso sauce,5789
5790,quick curing salt,5790
5791,quick oat,5791
5792,quick oatmeal,5792
5793,quicker oat,5793
5794,quik chocolate milk mix,5794
5795,quince,5795
5796,quince paste,5796
5797,quinoa,5797
5798,quinoa flmy,5798
5799,quorn mince,5799
5800,quorn piece,5800
5801,rabbit,5801
5802,rabbit joint,5802
5803,raccoon,5803
5804,rack of baby-back pork rib,5804
5805,rack of lamb,5805
5806,rack of rib,5806
5807,racks of baby-back pork rib,5807
5808,racks of lamb,5808
5809,raclette cheese,5809
5810,radiatore,5810
5811,radicchio,5811
5812,radish,5812
5813,radish sprout,5813
5814,radish top,5814
5815,rag pasta sauce,5815
5816,ragu cheese sauce,5816
5817,ragu hearty robusto pasta sauce,5817
5818,ragu parmesan and romano spaghetti sauce,5818
5819,ragu pizza sauce,5819
5820,ragu tomato sauce,5820
5821,rainbow chocolate chip,5821
5822,rainbow sherbet,5822
5823,rainbow trout,5823
5824,rainbow trout fillet,5824
5825,raisin,5825
5826,raisin bran cereal,5826
5827,raisin bread,5827
5828,raisin nut bread,5828
5829,rajma,5829
5830,rambutan,5830
5831,ramen noodle,5831
5832,ramp,5832
5833,ranch dip,5833
5834,ranch dip mix,5834
5835,ranch dips mix,5835
5836,ranch fiesta dip mix,5836
5837,rapeseed oil,5837
5838,rapini,5838
5839,raspberries in juice,5839
5840,raspberry,5840
5841,raspberry balsamic vinegar,5841
5842,raspberry chipotle sauce,5842
5843,raspberry chocolate chip,5843
5844,raspberry drink mix,5844
5845,raspberry extract,5845
5846,raspberry fruit,5846
5847,raspberry fruit spread,5847
5848,raspberry gelatin,5848
5849,raspberry gelatin powder,5849
5850,raspberry jam,5850
5851,raspberry jell-o gelatin,5851
5852,raspberry jelly,5852
5853,raspberry jelly crystal,5853
5854,raspberry juice,5854
5855,raspberry liqueur,5855
5856,raspberry pie filling,5856
5857,raspberry preserve,5857
5858,raspberry puree,5858
5859,raspberry sauce,5859
5860,raspberry schnapp,5860
5861,raspberry sherbet,5861
5862,raspberry sorbet,5862
5863,raspberry syrup,5863
5864,raspberry vinaigrette,5864
5865,raspberry vinegar,5865
5866,raspberry vodka,5866
5867,raspberry white wine vinegar,5867
5868,raspberry yogurt,5868
5869,raspberry-cranberry frozen juice concentrate,5869
5870,rattlesnake,5870
5871,rava,5871
5872,ravioli,5872
5873,raw beet,5873
5874,raw brown sugar,5874
5875,raw cacao powder,5875
5876,raw carrot,5876
5877,raw cashew,5877
5878,raw cashew nut,5878
5879,raw cauliflower,5879
5880,raw chicken,5880
5881,raw cranberry,5881
5882,raw egg yolk,5882
5883,raw green cabbage,5883
5884,raw honey,5884
5885,raw mushroom,5885
5886,raw peanut,5886
5887,raw potato,5887
5888,raw red bell pepper,5888
5889,raw rice,5889
5890,raw shrimp,5890
5891,raw small shrimp,5891
5892,raw spinach leaf,5892
5893,raw sugar,5893
5894,raw sweet potato,5894
5895,raw wild rice,5895
5896,raw zucchini,5896
5897,razor clam,5897
5898,ready rice,5898
5899,ready shortbread crust,5899
5900,real bacon bit,5900
5901,real butter,5901
5902,real maple syrup,5902
5903,real vanilla,5903
5904,real vanilla extract,5904
5905,realemon juice,5905
5906,reames frozen noodle,5906
5907,recaito,5907
5908,recipe pizza dough,5908
5909,red apple,5909
5910,red baking apple,5910
5911,red bean,5911
5912,red bean paste,5912
5913,red beans and rice mix,5913
5914,red beet,5914
5915,red bell pepper,5915
5916,red bird's eye chili,5916
5917,red bird's eye chily,5917
5918,red bliss potato,5918
5919,red bull energy drink,5919
5920,red burgundy wine,5920
5921,red cabbage,5921
5922,red cabbage head,5922
5923,red capsicum,5923
5924,red caviar,5924
5925,red cayenne pepper,5925
5926,red cherry,5926
5927,red chicory,5927
5928,red chili oil,5928
5929,red chili paste,5929
5930,red chili pepper,5930
5931,red chili pepper flake,5931
5932,red chili powder,5932
5933,red chili seed,5933
5934,red chilli padi,5934
5935,red chily,5935
5936,red cinnamon candy,5936
5937,red clover blossom,5937
5938,red currant,5938
5939,red currant jam,5939
5940,red currant jelly,5940
5941,red curry paste,5941
5942,red decorating gel,5942
5943,red decorating icing,5943
5944,red delicious apple,5944
5945,red enchilada sauce,5945
5946,red fish,5946
5947,red food coloring,5947
5948,red food coloring paste,5948
5949,red gelatin,5949
5950,red glazed cherry,5950
5951,red gram,5951
5952,red grape,5952
5953,red grape vinegar,5953
5954,red grapefruit,5954
5955,red hot pepper,5955
5956,red hot pepper sauce,5956
5957,red hot sauce,5957
5958,red jalapeno jelly,5958
5959,red jell-o,5959
5960,red leicester cheese,5960
5961,red lentil,5961
5962,red licorice,5962
5963,red licorice string,5963
5964,red maraschino cherry,5964
5965,red miso,5965
5966,red onion,5966
5967,red onion ring,5967
5968,red onion strip,5968
5969,red paprika,5969
5970,red pasta sauce,5970
5971,red pear,5971
5972,red pear tomato,5972
5973,red pearl onion,5973
5974,red pepper,5974
5975,red pepper flake,5975
5976,red pepper jelly,5976
5977,red pepper paste,5977
5978,red pepper pod,5978
5979,red pepper powder,5979
5980,red pepper sauce,5980
5981,red pepper seasoning,5981
5982,red peppercorn,5982
5983,red pesto sauce,5983
5984,red plum,5984
5985,red potato,5985
5986,red potato wedge,5986
5987,red pumpkin,5987
5988,red radish,5988
5989,red raisin,5989
5990,red raspberry,5990
5991,red raspberry preserve,5991
5992,red rice,5992
5993,red river hot cereal,5993
5994,red salmon,5994
5995,red seedless grape,5995
5996,red serrano chilie,5996
5997,red skin white potato,5997
5998,red snapper,5998
5999,red snapper fillet,5999
6000,red spanish onion,6000
6001,red sugar crystal,6001
6002,red sweet bell pepper,6002
6003,red sweet pepper,6003
6004,red swiss chard,6004
6005,red table wine,6005
6006,red tomato,6006
6007,red wine,6007
6008,red wine vinaigrette,6008
6009,red wine vinegar,6009
6010,red zinfandel wine,6010
6011,red-hot candy,6011
6012,reddi-wip topping,6012
6013,redfish fillet,6013
6014,refined flmy,6014
6015,refined oil,6015
6016,refried bean,6016
6017,refried black bean,6017
6018,refrigerated 3-cheese tortellini,6018
6019,refrigerated biscuit,6019
6020,refrigerated bread dough,6020
6021,refrigerated breadstick,6021
6022,refrigerated breadstick dough,6022
6023,refrigerated brownie bar dough,6023
6024,refrigerated buttermilk biscuit,6024
6025,refrigerated buttermilk flaky biscuit,6025
6026,refrigerated cheese tortellini,6026
6027,refrigerated chocolate chip cookie dough,6027
6028,refrigerated cooked beef roast,6028
6029,refrigerated crescent dinner roll,6029
6030,refrigerated crescent roll,6030
6031,refrigerated crusty french loaf,6031
6032,refrigerated dinner roll,6032
6033,refrigerated flaky biscuit,6033
6034,refrigerated orange sweet roll dough,6034
6035,refrigerated parmesan breadstick,6035
6036,refrigerated pie crust,6036
6037,refrigerated pie dough,6037
6038,refrigerated pizza crust,6038
6039,refrigerated sugar cookie dough,6039
6040,refrigerated white chocolate chip macadamia nut cookie dough,6040
6041,regular grind coffee,6041
6042,regular margarine,6042
6043,relish,6043
6044,relish sandwich spread,6044
6045,remoulade sauce,6045
6046,rendered lard,6046
6047,rennet,6047
6048,reserved juice,6048
6049,reynolds wrap foil,6049
6050,rhine wine,6050
6051,rhodes frozen roll,6051
6052,rhubarb,6052
6053,rib,6053
6054,rib eye,6054
6055,rib eye steak,6055
6056,rib roast,6056
6057,rib-eye,6057
6058,rib-eye roast,6058
6059,rib-eye steak,6059
6060,ribbon,6060
6061,rice,6061
6062,rice and sauce mix,6062
6063,rice bran,6063
6064,rice bran oil,6064
6065,rice bubble,6065
6066,rice cake,6066
6067,rice chex,6067
6068,rice cracker,6068
6069,rice crumb,6069
6070,rice flmy,6070
6071,rice flour mix,6071
6072,rice krispy,6072
6073,rice milk,6073
6074,rice noodle,6074
6075,rice paper,6075
6076,rice paper sheet,6076
6077,rice pilaf,6077
6078,rice powder,6078
6079,rice stick,6079
6080,rice syrup,6080
6081,rice vermicelli,6081
6082,rice vinegar,6082
6083,rice wine,6083
6084,rice wine vinegar,6084
6085,ricotta cheese,6085
6086,ricotta salatum,6086
6087,ricottum,6087
6088,riesling wine,6088
6089,rigatoni pastum,6089
6090,rindless bacon,6090
6091,ring bologna,6091
6092,rioja wine,6092
6093,risoni,6093
6094,risotto rice,6094
6095,ritz bits ature cracker,6095
6096,ritz bits cheese cracker,6096
6097,ritz cracker,6097
6098,ritz cracker crumb,6098
6099,ro*tel diced tomatoes & green chily,6099
6100,ro-tel diced tomato,6100
6101,ro-tel tomato,6101
6102,ro-tel tomatoes and onion,6102
6103,roast,6103
6104,roast beef,6104
6105,roast beef in gravy,6105
6106,roast chicken seasoning,6106
6107,roast pork,6107
6108,roasted almond,6108
6109,roasted bell pepper hummu,6109
6110,roasted cashew,6110
6111,roasted cashew nut,6111
6112,roasted chestnut,6112
6113,roasted chicken breast,6113
6114,roasted cumin,6114
6115,roasted cumin seed,6115
6116,roasted deli chicken,6116
6117,roasted garlic,6117
6118,roasted garlic alfredo sauce,6118
6119,roasted garlic and onion spaghetti sauce,6119
6120,roasted garlic and red pepper spice mix,6120
6121,roasted garlic and sweet onion jam,6121
6122,roasted garlic clove,6122
6123,roasted green chily,6123
6124,roasted peanut,6124
6125,roasted pecan,6125
6126,roasted pepper,6126
6127,roasted pistachio,6127
6128,roasted potato,6128
6129,roasted red pepper,6129
6130,roasted red pepper and eggplant spread,6130
6131,roasted red peppers packed in oil,6131
6132,roasted sesame seed,6132
6133,roasted sichuan peppercorn,6133
6134,roasted soybean,6134
6135,roasted sunflower seed,6135
6136,roasted sweet pepper,6136
6137,roasted sweet red pepper,6137
6138,roasted turkey,6138
6139,roasted unsalted peanut,6139
6140,roasted walnut,6140
6141,roasting bag,6141
6142,roasting chicken,6142
6143,rock cornish game hen,6143
6144,rock cornish hen,6144
6145,rock lobster tail,6145
6146,rock melon,6146
6147,rock salt,6147
6148,rock shrimp,6148
6149,rock sugar,6149
6150,rocket,6150
6151,rockfish,6151
6152,rockfish fillet,6152
6153,roll,6153
6154,rolled anchovies over caper,6154
6155,rolled barley,6155
6156,rolled oat,6156
6157,rolled oatmeal,6157
6158,rolo chocolate,6158
6159,roma,6159
6160,roma tomato,6160
6161,romaine leaf,6161
6162,roman bean,6162
6163,romanesco,6163
6164,romano bean,6164
6165,romano cheese,6165
6166,rome apple,6166
6167,rooibos tea bag,6167
6168,root beer,6168
6169,root beer concentrate,6169
6170,root beer extract,6170
6171,root vegetable,6171
6172,roquefort blue cheese,6172
6173,roquefort cheese,6173
6174,rose,6174
6175,rose essence,6175
6176,rose extract,6176
6177,rose petal,6177
6178,rose syrup,6178
6179,rose water,6179
6180,rose wine,6180
6181,rose's lime juice,6181
6182,rose-scented geranium leaf,6182
6183,rosemary,6183
6184,rosemary oil,6184
6185,rosemary sprig,6185
6186,rotel,6186
6187,rotel chili fixins tomato,6187
6188,rotel diced tomato,6188
6189,rotel tomato,6189
6190,rotel tomatoes & chily,6190
6191,rotelle pastum,6191
6192,rotini noodle,6192
6193,rotini pastum,6193
6194,rotisserie-cooked chicken,6194
6195,rouladen beef,6195
6196,round loaf italian bread,6196
6197,round onion,6197
6198,round rice paper sheet,6198
6199,round roast,6199
6200,round sourdough loaf,6200
6201,round steak,6201
6202,round tip roast,6202
6203,round tip steak,6203
6204,roux,6204
6205,royal icing,6205
6206,rubbed sage,6206
6207,ruby grapefruit,6207
6208,ruby port,6208
6209,ruby red grapefruit juice,6209
6210,ruby red grapefruit vodka,6210
6211,rucola,6211
6212,rum,6212
6213,rum extract,6213
6214,ruming,6214
6215,rump roast,6215
6216,rump steak,6216
6217,runner bean,6217
6218,rusk,6218
6219,russet baking potato,6219
6220,russet potato,6220
6221,rutabaga,6221
6222,rye berry,6222
6223,rye bread,6223
6224,rye breadcrumb,6224
6225,rye cocktail bread,6225
6226,rye cracker,6226
6227,rye crisp,6227
6228,rye flake,6228
6229,rye flmy,6229
6230,rye meal,6230
6231,rye toast,6231
6232,rye whiskey,6232
6233,s,6233
6234,s chocolate syrup,6234
6235,s cocoa powder,6235
6236,s quik,6236
6237,safflower oil,6237
6238,saffron,6238
6239,saffron rice mix,6239
6240,saffron strand,6240
6241,saffron thread,6241
6242,saga blue cheese,6242
6243,sage,6243
6244,sage derby cheese,6244
6245,sage leaf,6245
6246,sage sprig,6246
6247,sago,6247
6248,sake,6248
6249,salad burnet,6249
6250,salad green,6250
6251,salad leaf,6251
6252,salad macaroni,6252
6253,salad mustard,6253
6254,salad oil,6254
6255,salad potato,6255
6256,salad seasoning,6256
6257,salad supreme dry seasoning,6257
6258,salami,6258
6259,salba seed,6259
6260,salmon,6260
6261,salmon fillet,6261
6262,salmon liquid,6262
6263,salmon roe,6263
6264,salmon steak,6264
6265,salsa,6265
6266,salsa con queso,6266
6267,salsa fresca,6267
6268,salsa verde,6268
6269,salsify,6269
6270,salt,6270
6271,salt & fresh ground pepper,6271
6272,salt & ground black pepper,6272
6273,salt & pepper,6273
6274,salt and black pepper,6274
6275,salt and fresh pepper,6275
6276,salt and pepper,6276
6277,salt cod fish,6277
6278,salt pork,6278
6279,salt substitute,6279
6280,salt water,6280
6281,salted almond,6281
6282,salted anchovy,6282
6283,salted butter,6283
6284,salted cashew,6284
6285,salted cashew half,6285
6286,salted cashew piece,6286
6287,salted macadamia nut,6287
6288,salted mixed nut,6288
6289,salted nut,6289
6290,salted peanut,6290
6291,salted salmon,6291
6292,salted sunflower seed,6292
6293,saltine,6293
6294,saltine cracker,6294
6295,saltine crumb,6295
6296,saltpeter,6296
6297,sambal chili paste,6297
6298,sambal oelek,6298
6299,sambal oelek chili paste,6299
6300,sambhar powder,6300
6301,sambuca liqueur,6301
6302,sambuca romana,6302
6303,samp,6303
6304,san marzano tomato,6304
6305,sandwich bread,6305
6306,sandwich bun,6306
6307,sandwich cookies,6307
6308,sandwich steak,6308
6309,sandwich wrap,6309
6310,sandwich-size english muffin,6310
6311,sangrium,6311
6312,sansho pepper,6312
6313,sardine,6313
6314,sardine fillet,6314
6315,sardines in oil,6315
6316,sardines in tomato sauce,6316
6317,sashimi-grade tuna,6317
6318,saskatoon berry,6318
6319,satay sauce,6319
6320,satsuma orange,6320
6321,sauerkraut,6321
6322,sauerkraut juice,6322
6323,saunf,6323
6324,sausage,6324
6325,sauterne,6325
6326,sauterne white wine,6326
6327,sauternes wine,6327
6328,sauvignon blanc wine,6328
6329,savory,6329
6330,savory herb,6330
6331,savoy cabbage,6331
6332,sazon,6332
6333,sazon con azafran seasoning,6333
6334,sazon seasoning,6334
6335,scallion,6335
6336,scallop,6336
6337,scalloped potatoes mix,6337
6338,scamorza cheese,6338
6339,schmaltz,6339
6340,schnapp,6340
6341,scotch,6341
6342,scotch bonnet pepper,6342
6343,scotch whisky,6343
6344,screwpine leaf,6344
6345,scrod fillet,6345
6346,scrod fish,6346
6347,scungilli,6347
6348,sea bas,6348
6349,sea bass fillet,6349
6350,sea bass steak,6350
6351,sea bream fillet,6351
6352,sea salt,6352
6353,sea salt & fresh black pepper,6353
6354,sea scallop,6354
6355,seafood,6355
6356,seafood cocktail sauce,6356
6357,seafood sauce,6357
6358,seafood seasoning,6358
6359,seafood stock,6359
6360,season all,6360
6361,season salt,6361
6362,season-all salt,6362
6363,seasoned bread crumb,6363
6364,seasoned crouton,6364
6365,seasoned dry bread crumb,6365
6366,seasoned flmy,6366
6367,seasoned pepper,6367
6368,seasoned rice vinegar,6368
6369,seasoned rice wine vinegar,6369
6370,seasoned sea salt,6370
6371,seasoned stuffing mix,6371
6372,seasoning,6372
6373,seasoning mix,6373
6374,seasoning salt,6374
6375,seed,6375
6376,seedless black grape,6376
6377,seedless blackberry jam,6377
6378,seedless cucumber,6378
6379,seedless european cucumber,6379
6380,seedless grape,6380
6381,seedless orange,6381
6382,seedless raisin,6382
6383,seedless raspberry jam,6383
6384,seedless raspberry preserve,6384
6385,seedless red raspberry jam,6385
6386,seedless strawberry jam,6386
6387,seedless watermelon,6387
6388,seitan,6388
6389,self raising flmy,6389
6390,self rising flmy,6390
6391,self-raising flmy,6391
6392,self-rising corm meal mix,6392
6393,self-rising cornmeal,6393
6394,self-rising cornmeal mix,6394
6395,self-rising flmy,6395
6396,self-rising white cornmeal,6396
6397,self-rising yellow cornmeal,6397
6398,seltzer water,6398
6399,semi-soft goat cheese,6399
6400,semolina,6400
6401,semolina flmy,6401
6402,serrano,6402
6403,serrano chili,6403
6404,serrano chili pepper,6404
6405,serrano chily,6405
6406,serrano ham,6406
6407,serrano pepper,6407
6408,sesame,6408
6409,sesame and ginger marinade,6409
6410,sesame breadstick,6410
6411,sesame butter,6411
6412,sesame chili oil,6412
6413,sesame oil,6413
6414,sesame paste,6414
6415,sesame salt,6415
6416,sesame seed,6416
6417,sesame seed oil,6417
6418,sesame seed paste,6418
6419,sesame seed roll,6419
6420,sesame stick,6420
6421,sev,6421
6422,seven-grain bread,6422
6423,seven-grain cereal,6423
6424,seville orange,6424
6425,shake-n-bake,6425
6426,shallot,6426
6427,shanghai noodle,6427
6428,shaoxing wine,6428
6429,shark,6429
6430,shark fillet,6430
6431,shark steak,6431
6432,sharp american cheese,6432
6433,sharp cheese,6433
6434,shell macaroni,6434
6435,shell noodle,6435
6436,shell pastum,6436
6437,shell steak,6437
6438,shelled pea,6438
6439,shelled pistachio,6439
6440,shepherds pie mix,6440
6441,sherbet,6441
6442,sherry vinegar,6442
6443,sherry wine,6443
6444,sherry wine vinegar,6444
6445,shichimi togarashi,6445
6446,shichimi-togarashi,6446
6447,shiitake mushroom,6447
6448,shiitake mushroom cap,6448
6449,shin beef,6449
6450,shirataki noodle,6450
6451,shiraz wine,6451
6452,shiritaki noodle,6452
6453,shiro miso,6453
6454,shiso,6454
6455,shiso leaf,6455
6456,shitake mushroom,6456
6457,shoe peg corn,6457
6458,shoestring carrot,6458
6459,shoestring potato,6459
6460,short rib,6460
6461,short rib of beef,6461
6462,short-grain brown rice,6462
6463,short-grain rice,6463
6464,short-grain white rice,6464
6465,shortbread,6465
6466,shortbread cookie,6466
6467,shortbread cookies,6467
6468,shortbread pie crust,6468
6469,shortcake,6469
6470,shortcrust pastry,6470
6471,shortcrust pastry dough,6471
6472,shortcut bacon,6472
6473,shortening,6473
6474,shoulder lamb chop,6474
6475,shoyu,6475
6476,shredded bran cereal,6476
6477,shredded coconut,6477
6478,shredded hash brown,6478
6479,shredded hash brown potato,6479
6480,shredded parmesan cheese,6480
6481,shredded pork,6481
6482,shredded three cheese,6482
6483,shredded wheat biscuit,6483
6484,shredded wheat cereal,6484
6485,shredded whole wheat cereal,6485
6486,shreddies cereal,6486
6487,shrimp,6487
6488,shrimp boil,6488
6489,shrimp boil seasoning,6489
6490,shrimp bouillon,6490
6491,shrimp bouillon cube,6491
6492,shrimp paste,6492
6493,shrimp ramen noodle soup,6493
6494,shrimp sauce,6494
6495,shrimp shell,6495
6496,shrimp stock,6496
6497,sicilian olife,6497
6498,side bacon,6498
6499,sifted flmy,6499
6500,silken tofu,6500
6501,silver beet,6501
6502,simple syrup,6502
6503,simply macaroni & cheese,6503
6504,single cream,6504
6505,single trifle sponge cake,6505
6506,sirloin,6506
6507,sirloin beef,6507
6508,sirloin lamb chop,6508
6509,sirloin pork chop,6509
6510,sirloin steak,6510
6511,sirloin strip steak,6511
6512,sirloin tip roast,6512
6513,sirloin tip steak,6513
6514,skewer,6514
6515,skim evaporated milk,6515
6516,skim milk,6516
6517,skim milk buttermilk,6517
6518,skim milk powder,6518
6519,skim milk ricotta cheese,6519
6520,skim milk yogurt,6520
6521,skinned chicken breast,6521
6522,skirt steak,6522
6523,skor chip,6523
6524,skor english toffee bit,6524
6525,slice,6525
6526,sliced almond,6526
6527,sliced apple,6527
6528,sliced mushroom,6528
6529,sliced olife,6529
6530,sliced peaches in juice,6530
6531,sliced water chestnut,6531
6532,sloe gin,6532
6533,sloppy joe meat,6533
6534,sloppy joe sandwich sauce,6534
6535,small caper,6535
6536,small clam,6536
6537,small curd cottage cheese,6537
6538,small elbow macaroni,6538
6539,small macaroni noodle,6539
6540,small macaroni pastum,6540
6541,small marshmallow,6541
6542,small mushroom,6542
6543,small onion,6543
6544,small potato,6544
6545,small pretzel,6545
6546,small red potato,6546
6547,small scallop,6547
6548,small shell pastum,6548
6549,small shrimp,6549
6550,small squid,6550
6551,small white bean,6551
6552,small white potato,6552
6553,small whole potato,6553
6554,small whole wheat pasta shell,6554
6555,small-curd cottage cheese,6555
6556,sman,6556
6557,smart balance omega plu,6557
6558,smarties candy,6558
6559,smirnoff no.21 vodka,6559
6560,smithfield ham,6560
6561,smoked almond,6561
6562,smoked back bacon,6562
6563,smoked bacon,6563
6564,smoked beef,6564
6565,smoked cheese,6565
6566,smoked chicken,6566
6567,smoked chicken breast,6567
6568,smoked cod,6568
6569,smoked fish fillet,6569
6570,smoked gouda cheese,6570
6571,smoked haddock,6571
6572,smoked haddock fillet,6572
6573,smoked ham,6573
6574,smoked ham hock,6574
6575,smoked kielbasa,6575
6576,smoked mackerel,6576
6577,smoked mackerel fillet,6577
6578,smoked meat,6578
6579,smoked mussel,6579
6580,smoked oyster,6580
6581,smoked paprika,6581
6582,smoked pork,6582
6583,smoked pork chop,6583
6584,smoked pork hock,6584
6585,smoked pork shoulder,6585
6586,smoked provolone cheese,6586
6587,smoked salmon,6587
6588,smoked streaky bacon,6588
6589,smoked swiss cheese,6589
6590,smoked tofu,6590
6591,smoked trout,6591
6592,smoked trout fillet,6592
6593,smoked turkey,6593
6594,smoked turkey breast,6594
6595,smoked turkey leg,6595
6596,smoky,6596
6597,smooth cashew butter,6597
6598,smooth peanut butter,6598
6599,snail,6599
6600,snail shell,6600
6601,snake bean,6601
6602,snap pea,6602
6603,snow,6603
6604,snow crab leg,6604
6605,snow pea,6605
6606,snow pea pod,6606
6607,snow pea sprout,6607
6608,soba noodle,6608
6609,sockeye salmon,6609
6610,soda cracker,6610
6611,soda cracker crumb,6611
6612,soda pop,6612
6613,soda water,6613
6614,sofrito sauce,6614
6615,soft bread cube,6615
6616,soft breadcrumb,6616
6617,soft breadstick,6617
6618,soft brown sugar,6618
6619,soft cheese,6619
6620,soft coconut macaroon,6620
6621,soft cracker bread,6621
6622,soft fresh goat cheese,6622
6623,soft margarine,6623
6624,soft pretzel,6624
6625,soft shelled crab,6625
6626,soft silken tofu,6626
6627,soft stale bread crumb,6627
6628,soft tofu,6628
6629,soft white bread cube,6629
6630,sole,6630
6631,sole fillet,6631
6632,solid pack pumpkin,6632
6633,solid shortening,6633
6634,solid white tuna,6634
6635,solid white tuna packed in water,6635
6636,solid-pack pumpkin,6636
6637,somen noodle,6637
6638,soppressatum,6638
6639,sopressatum,6639
6640,sorbet,6640
6641,sorghum,6641
6642,sorghum flmy,6642
6643,sorghum molass,6643
6644,sorrel,6644
6645,soul seasoning,6645
6646,soup,6646
6647,soup bone,6647
6648,soup mix,6648
6649,soup stock,6649
6650,sour apple,6650
6651,sour apple liqueur,6651
6652,sour apple schnapp,6652
6653,sour cherry,6653
6654,sour cream,6654
6655,sour cream and chive dip,6655
6656,sour cream and chive mashed potato,6656
6657,sour cream and chives potato mix,6657
6658,sour cream and onion potato chip,6658
6659,sour cream substitute,6659
6660,sour gherkin,6660
6661,sour kimchee,6661
6662,sour milk,6662
6663,sour mix,6663
6664,sour orange,6664
6665,sour orange juice,6665
6666,sour pitted cherry,6666
6667,sour raspberry liqueur,6667
6668,sourdough baguette,6668
6669,sourdough bread,6669
6670,sourdough bread round,6670
6671,sourdough breadcrumb,6671
6672,sourdough english muffin,6672
6673,sourdough hamburger bun,6673
6674,sourdough loaf,6674
6675,sourdough roll,6675
6676,sourdough starter,6676
6677,soured milk,6677
6678,southern comfort,6678
6679,southwest chipotle seasoning,6679
6680,southwest seasoning,6680
6681,southwestern chicken strip,6681
6682,southwestern-seasoned chicken breast,6682
6683,soy cheese,6683
6684,soy chorizo,6684
6685,soy coffee creamer,6685
6686,soy crumble,6686
6687,soy flmy,6687
6688,soy ice cream,6688
6689,soy lecithin,6689
6690,soy margarine,6690
6691,soy nut butter,6691
6692,soy oil,6692
6693,soy protein,6693
6694,soy protein isolate,6694
6695,soy protein powder,6695
6696,soy sauce,6696
6697,soy yogurt,6697
6698,soya flmy,6698
6699,soya milk,6699
6700,soya oil,6700
6701,soya sauce,6701
6702,soybean,6702
6703,soybean flmy,6703
6704,soybean oil,6704
6705,soybean paste,6705
6706,soymilk,6706
6707,soymilk lite,6707
6708,soymilk powder,6708
6709,spaetzle noodle,6709
6710,spaghetti noodle,6710
6711,spaghetti sauce,6711
6712,spaghetti sauce mix,6712
6713,spaghetti squash,6713
6714,spaghettini,6714
6715,spaghettus,6715
6716,spam,6716
6717,spam lite,6717
6718,spanish chorizo,6718
6719,spanish olife,6719
6720,spanish onion,6720
6721,spanish peanut,6721
6722,spanish rice,6722
6723,spanish rice mix,6723
6724,spanish saffron thread,6724
6725,sparerib,6725
6726,sparerib rack,6726
6727,sparkling apple cider,6727
6728,sparkling grape juice,6728
6729,sparkling rose wine,6729
6730,sparkling water,6730
6731,sparkling white wine,6731
6732,sparkling wine,6732
6733,spearmint,6733
6734,speck,6734
6735,spelt,6735
6736,spelt berry,6736
6737,spelt flmy,6737
6738,spice,6738
6739,spice blend,6739
6740,spice essence,6740
6741,spice mix,6741
6742,spiced apple cider,6742
6743,spicy bbq sauce,6743
6744,spicy black bean burger,6744
6745,spicy brown mustard,6745
6746,spicy cajun pasta sauce,6746
6747,spicy hot,6747
6748,spicy mustard,6748
6749,spicy refried bean,6749
6750,spicy tomato salsa,6750
6751,spicy tomato sauce,6751
6752,spicy vegetable juice,6752
6753,spike seasoning,6753
6754,spinach,6754
6755,spinach and cheese tortellini,6755
6756,spinach and ricotta tortellini,6756
6757,spinach dip,6757
6758,spinach fettuccine,6758
6759,spinach lasagna noodle,6759
6760,spinach leaf,6760
6761,spinach linguine,6761
6762,spinach noodle,6762
6763,spinach pastum,6763
6764,spinach penne,6764
6765,spinach ravioli,6765
6766,spinach rotini pastum,6766
6767,spinach souffle,6767
6768,spinach tortellini,6768
6769,spiral cut ham,6769
6770,spiral shaped pastum,6770
6771,spirulina,6771
6772,spirulina powder,6772
6773,splash berry blend,6773
6774,split chickpea,6774
6775,split pea,6775
6776,split pea and ham soup,6776
6777,split red lentil,6777
6778,split yellow lentil,6778
6779,sponge cake,6779
6780,sponge cake finger,6780
6781,sponge cake shell,6781
6782,spray bottle,6782
6783,spring green,6783
6784,spring roll,6784
6785,spring roll wrapper,6785
6786,sprite,6786
6787,squash,6787
6788,squash blossom,6788
6789,squash puree,6789
6790,squid,6790
6791,squid ring,6791
6792,squirrel,6792
6793,squirt soda,6793
6794,sriracha sauce,6794
6795,stale bread,6795
6796,standing rib roast,6796
6797,star anise,6797
6798,star anise pod,6798
6799,star fruit,6799
6800,star-shaped pastum,6800
6801,starch,6801
6802,steak,6802
6803,steak fillet,6803
6804,steak sauce,6804
6805,steak seasoning,6805
6806,steak spice,6806
6807,steak-um,6807
6808,steamed rice,6808
6809,steamer clam,6809
6810,steel cut oat,6810
6811,steelhead fillet,6811
6812,stella doro anginetti cookies,6812
6813,stevia plu,6813
6814,stevia powder,6814
6815,stevia truvium,6815
6816,stevium,6816
6817,stew beef chunk,6817
6818,stew meat,6818
6819,stewed tomato,6819
6820,stewing beef,6820
6821,stewing chicken,6821
6822,stewing lamb,6822
6823,stewing veal,6823
6824,stick,6824
6825,stick margarine,6825
6826,sticky rice,6826
6827,stilton cheese,6827
6828,stingray,6828
6829,stir fry vegetable,6829
6830,stir-fry beef,6830
6831,stir-fry sauce,6831
6832,stock,6832
6833,stock cube,6833
6834,stolichnaya raspberry vodka,6834
6835,stolichnaya vodka,6835
6836,stone ground dijon mustard,6836
6837,stone ground mustard,6837
6838,stone ground whole wheat flmy,6838
6839,stone-ground white cornmeal,6839
6840,stone-ground yellow cornmeal,6840
6841,stout beer,6841
6842,stove top chicken stuffing mix,6842
6843,stove top stuffing mix,6843
6844,strained peaches baby food,6844
6845,straw mushroom,6845
6846,strawberry,6846
6847,strawberry all-fruit spread,6847
6848,strawberry banana gelatin,6848
6849,strawberry cool whip,6849
6850,strawberry cream liqueur,6850
6851,strawberry daiquiri mix,6851
6852,strawberry danish dessert mix,6852
6853,strawberry drink mix,6853
6854,strawberry extract,6854
6855,strawberry frozen yogurt,6855
6856,strawberry gelatin,6856
6857,strawberry glaze,6857
6858,strawberry ice cream,6858
6859,strawberry ice cream topping,6859
6860,strawberry jam,6860
6861,strawberry jell-o gelatin dessert,6861
6862,strawberry jelly,6862
6863,strawberry juice,6863
6864,strawberry kiwi gelatin powder,6864
6865,strawberry liqueur,6865
6866,strawberry margarita mix,6866
6867,strawberry milk mix,6867
6868,strawberry muffin mix,6868
6869,strawberry nesquik powder,6869
6870,strawberry pie filling,6870
6871,strawberry preserve,6871
6872,strawberry puree,6872
6873,strawberry sauce,6873
6874,strawberry schnapp,6874
6875,strawberry slice,6875
6876,strawberry soda,6876
6877,strawberry sorbet,6877
6878,strawberry syrup,6878
6879,strawberry tea bag,6879
6880,strawberry vodka,6880
6881,strawberry yogurt,6881
6882,strawberry-banana gelatin,6882
6883,strawberry-banana yogurt,6883
6884,streaky bacon,6884
6885,string,6885
6886,string bean,6886
6887,strip steak,6887
6888,striped bas,6888
6889,strong black coffee,6889
6890,strong black tea,6890
6891,strong coffee,6891
6892,strong hot tea,6892
6893,strong white flmy,6893
6894,stuffed green olife,6894
6895,stuffed green olive,6895
6896,stuffed olife,6896
6897,stuffing,6897
6898,stuffing cube,6898
6899,sturgeon fillet,6899
6900,submarine bun,6900
6901,submarine roll,6901
6902,submarine sandwich bread,6902
6903,sucanat,6903
6904,suddenly pasta salad,6904
6905,suet,6905
6906,sugar,6906
6907,sugar cane,6907
6908,sugar cookie,6908
6909,sugar cookie dough,6909
6910,sugar cookie mix,6910
6911,sugar cookies,6911
6912,sugar crystal,6912
6913,sugar cube,6913
6914,sugar ice cream cone,6914
6915,sugar pumpkin,6915
6916,sugar snap pea,6916
6917,sugar syrup,6917
6918,sugar twin,6918
6919,sultana,6919
6920,sultana raisin,6920
6921,sumac,6921
6922,sumaq,6922
6923,summer savory,6923
6924,summer squash,6924
6925,sun-dried cranberry,6925
6926,sun-dried tomato,6926
6927,sun-dried tomato alfredo sauce,6927
6928,sun-dried tomato packed in oil,6928
6929,sun-dried tomato paste,6929
6930,sun-dried tomato pesto,6930
6931,sun-dried tomato polentum,6931
6932,sun-dried tomato puree,6932
6933,sun-dried tomatoes packed in oil,6933
6934,sunburst mango,6934
6935,sunflower margarine,6935
6936,sunflower oil,6936
6937,sunflower seed,6937
6938,sunflower seed butter,6938
6939,sunny delight orange drink,6939
6940,superfine sugar,6940
6941,supreme brownie mix,6941
6942,sure-jell,6942
6943,surimi,6943
6944,sushi rice,6944
6945,swai fillet,6945
6946,swans down cake flmy,6946
6947,swede,6947
6948,swedish mustard,6948
6949,sweet and sour cocktail mix,6949
6950,sweet and sour plum sauce,6950
6951,sweet and sour sauce,6951
6952,sweet and sour soda,6952
6953,sweet and spicy barbecue sauce,6953
6954,sweet apple,6954
6955,sweet apple cider,6955
6956,sweet baking chocolate,6956
6957,sweet basil,6957
6958,sweet bean paste,6958
6959,sweet bell pepper,6959
6960,sweet bread,6960
6961,sweet brown rice,6961
6962,sweet butter,6962
6963,sweet cherry,6963
6964,sweet chocolate,6964
6965,sweet chocolate square,6965
6966,sweet corn,6966
6967,sweet corn relish,6967
6968,sweet cream,6968
6969,sweet creamy butter,6969
6970,sweet dessert wine,6970
6971,sweet gherkin,6971
6972,sweet green pepper,6972
6973,sweet ground chocolate and cocoa,6973
6974,sweet hungarian paprika,6974
6975,sweet mango,6975
6976,sweet marjoram,6976
6977,sweet marsala wine,6977
6978,sweet milk,6978
6979,sweet mustard,6979
6980,sweet onion,6980
6981,sweet onion and pepper relish,6981
6982,sweet orange,6982
6983,sweet paprika,6983
6984,sweet pea,6984
6985,sweet pepper,6985
6986,sweet pepper flake,6986
6987,sweet potato,6987
6988,sweet potato baby food,6988
6989,sweet potato flmy,6989
6990,sweet potato puree,6990
6991,sweet potatoes in syrup,6991
6992,sweet red apple,6992
6993,sweet red cherry pepper,6993
6994,sweet red onion,6994
6995,sweet red pepper,6995
6996,sweet red pepper relish,6996
6997,sweet red pepper strip,6997
6998,sweet red wine,6998
6999,sweet relish,6999
7000,sweet rice,7000
7001,sweet rice flmy,7001
7002,sweet roll dough,7002
7003,sweet sauerkraut,7003
7004,sweet sherry,7004
7005,sweet smoked paprika,7005
7006,sweet tart crust,7006
7007,sweet tea vodka,7007
7008,sweet unsalted butter,7008
7009,sweet vermouth,7009
7010,sweet white onion,7010
7011,sweet white wine,7011
7012,sweet whole kernel corn,7012
7013,sweet wine,7013
7014,sweet yellow onion,7014
7015,sweet-and-sour mix,7015
7016,sweet-hot mustard,7016
7017,sweetcorn,7017
7018,sweetened chestnut puree,7018
7019,sweetened cocoa powder,7019
7020,sweetened coconut,7020
7021,sweetened coconut milk,7021
7022,sweetened condensed milk,7022
7023,sweetened drink mix,7023
7024,sweetened flaked coconut,7024
7025,sweetened iced tea,7025
7026,sweetened lemonade drink mix,7026
7027,sweetened lime juice,7027
7028,sweetened whipped cream,7028
7029,swirled holiday morsel,7029
7030,swiss brown mushroom,7030
7031,swiss chard,7031
7032,swiss chard leaf,7032
7033,swiss cheese,7033
7034,swiss miss diet cocoa mix,7034
7035,swiss steak,7035
7036,swordfish,7036
7037,swordfish fillet,7037
7038,swordfish steak,7038
7039,syrian cheese,7039
7040,syrup,7040
7041,szechuan hot bean sauce,7041
7042,szechuan peppercorn,7042
7043,szechuan sauce,7043
7044,szechwan pepper,7044
7045,szechwan preserved vegetable,7045
7046,t-bone type lamb chop,7046
7047,tabasco jalapeno sauce,7047
7048,tabasco pepper,7048
7049,tabasco sauce,7049
7050,tabascochipotle pepper sauce,7050
7051,tabbouleh,7051
7052,table blend seasoning,7052
7053,table cream,7053
7054,table salt,7054
7055,taco blend cheese,7055
7056,taco cheese,7056
7057,taco chip,7057
7058,taco dorito,7058
7059,taco sauce,7059
7060,taco seasoning,7060
7061,taco shell,7061
7062,tagliatelle pasta noodle,7062
7063,tahini,7063
7064,tahini paste,7064
7065,tahini sauce,7065
7066,tahini sesame butter,7066
7067,taleggio,7067
7068,tamale,7068
7069,tamarillo,7069
7070,tamarind extract,7070
7071,tamarind juice,7071
7072,tamarind paste,7072
7073,tamarind pod,7073
7074,tamarind pulp,7074
7075,tamarind soup mix,7075
7076,tamarus,7076
7077,tandoori color powder,7077
7078,tandoori masala,7078
7079,tandoori paste,7079
7080,tandoori spice mix,7080
7081,tang orange crystal,7081
7082,tangelo,7082
7083,tangerine,7083
7084,tangerine juice,7084
7085,tangerine juice concentrate,7085
7086,tangerine peel,7086
7087,tangerine zest,7087
7088,"tangerine, zest of",7088
7089,"tangerines, zest of",7089
7090,tanqueray london dry gin,7090
7091,tap water,7091
7092,tapenade,7092
7093,tapioca,7093
7094,tapioca flmy,7094
7095,tapioca pudding,7095
7096,tapioca starch,7096
7097,tarama,7097
7098,taro,7098
7099,tarragon,7099
7100,tarragon leaf,7100
7101,tarragon vinegar,7101
7102,tarragon white wine vinegar,7102
7103,tart apple,7103
7104,tart baking apple,7104
7105,tart cherry,7105
7106,tart cooking apple,7106
7107,tart green apple,7107
7108,tart red cherry,7108
7109,tart shell,7109
7110,tartar sauce,7110
7111,tartaric,7111
7112,tasso,7112
7113,tasty cheese,7113
7114,tater tot,7114
7115,tawny port,7115
7116,tea,7116
7117,tea bag,7117
7118,tea biscuit,7118
7119,tea leaf,7119
7120,teddy grahams chocolate graham snack,7120
7121,teddy grahams honey graham snack,7121
7122,teff,7122
7123,teff flmy,7123
7124,tempeh,7124
7125,tempeh bacon,7125
7126,tempura batter,7126
7127,tempura dipping sauce,7127
7128,tempura flmy,7128
7129,tempura mix,7129
7130,tender quick,7130
7131,tenderloin,7131
7132,tequila,7132
7133,teriyaki baste and glaze,7133
7134,teriyaki marinade,7134
7135,teriyaki sauce,7135
7136,terra chip,7136
7137,tex-mex cheese,7137
7138,tex-mex seasoning,7138
7139,texas pete,7139
7140,texas sweet onion,7140
7141,texas toast thick bread,7141
7142,textured soy protein granule,7142
7143,textured vegetable protein,7143
7144,thai basil,7144
7145,thai chili paste,7145
7146,thai curry paste,7146
7147,thai fish sauce,7147
7148,thai green chili,7148
7149,thai holy basil,7149
7150,thai pepper,7150
7151,thai red chili pepper,7151
7152,thai red curry paste,7152
7153,thai rice,7153
7154,thai rice noodle,7154
7155,thai seasoning,7155
7156,thick & chunky salsa,7156
7157,thick bread,7157
7158,thick slab bacon,7158
7159,thickened cream,7159
7160,thin cracker,7160
7161,thin egg noodle,7161
7162,thin mint cookies,7162
7163,thin pizza crust,7163
7164,thin spaghettus,7164
7165,thompson seedless grape,7165
7166,three-cheese blend,7166
7167,three-cheese pasta sauce,7167
7168,thyme,7168
7169,thyme honey,7169
7170,thyme leaf,7170
7171,thymol seed,7171
7172,ti leaf,7172
7173,tia marium,7173
7174,tic tac mint,7174
7175,tiger sauce,7175
7176,tiger shrimp,7176
7177,tikka powder,7177
7178,tilapia fillet,7178
7179,tilsiter cheese,7179
7180,tiny new potato,7180
7181,tiny pastum,7181
7182,tiny pea,7182
7183,tiny pumpkin,7183
7184,toast,7184
7185,toast point,7185
7186,toast round,7186
7187,toasted almond,7187
7188,toasted breadcrumb,7188
7189,toasted corn cereal,7189
7190,toasted hazelnut,7190
7191,toasted oat cereal,7191
7192,toasted rice cereal,7192
7193,toasted sesame oil,7193
7194,toasted sesame seed,7194
7195,toasted sliced almond,7195
7196,toasted wheat germ,7196
7197,tobiko,7197
7198,toblerone chocolate bar,7198
7199,toffee ice cream,7199
7200,toffee piece,7200
7201,tofu,7201
7202,tofu crumble,7202
7203,tofu hot dog,7203
7204,tofu shirataki noodle,7204
7205,tofu sour cream,7205
7206,tofutti better-than-cream-cheese,7206
7207,tofutti sour cream,7207
7208,tom kha paste,7208
7209,tom yam broth cube,7209
7210,tom yum paste,7210
7211,tomatillo,7211
7212,tomatillo salsa,7212
7213,tomato,7213
7214,tomato and basil pasta sauce,7214
7215,tomato base barbecue sauce,7215
7216,tomato basil garlic seasoning,7216
7217,tomato basil pasta sauce,7217
7218,tomato basil soup mix,7218
7219,tomato bisque soup,7219
7220,tomato bouillon,7220
7221,tomato bouillon cube,7221
7222,tomato bruschetta topping,7222
7223,tomato chutney,7223
7224,tomato cocktail juice,7224
7225,tomato concentrate,7225
7226,tomato jam,7226
7227,tomato juice,7227
7228,tomato ketchup,7228
7229,tomato paste,7229
7230,tomato puree,7230
7231,tomato relish,7231
7232,tomato rice soup,7232
7233,tomato sauce,7233
7234,tomato sauce & mushroom,7234
7235,tomato soup,7235
7236,tomato soup mix,7236
7237,tomatoes and green chily,7237
7238,tomatoes in puree,7238
7239,tomatoes seasoned,7239
7240,tonic water,7240
7241,tonkatsu sauce,7241
7242,tony chachere's cajun spice,7242
7243,tony chachere's seasoning,7243
7244,toor dal,7244
7245,toothpick,7245
7246,top loin beef,7246
7247,top loin pork chop,7247
7248,top ramen noodle,7248
7249,top round beef,7249
7250,top round roast,7250
7251,top round steak,7251
7252,top sirloin roast,7252
7253,top sirloin steak,7253
7254,topping mix,7254
7255,topside steak,7255
7256,torani orange syrup,7256
7257,tortellini,7257
7258,tortilla,7258
7259,tostada,7259
7260,tostado,7260
7261,tostitos scoop,7261
7262,trail mix,7262
7263,treacle,7263
7264,trefoil,7264
7265,tri-color spiral pastum,7265
7266,tri-colored fusilli,7266
7267,tri-colored pastum,7267
7268,tri-tip roast,7268
7269,tri-tip steak,7269
7270,tripe,7270
7271,triple sec,7271
7272,trix cereal,7272
7273,tropical fruit salad,7273
7274,trout,7274
7275,trout fillet,7275
7276,truffle,7276
7277,truffle butter,7277
7278,truffle oil,7278
7279,truvium,7279
7280,tuaca liqueur,7280
7281,tubetti pastum,7281
7282,tubettini pastum,7282
7283,tubettus,7283
7284,tuna,7284
7285,tuna fillet,7285
7286,tuna fish,7286
7287,tuna in brine,7287
7288,tuna in vegetable oil,7288
7289,tuna in water,7289
7290,tuna packed in oil,7290
7291,tuna salad,7291
7292,tuna steak,7292
7293,turban squash,7293
7294,turbinado sugar,7294
7295,turkey,7295
7296,turkey bacon,7296
7297,turkey bone,7297
7298,turkey breast,7298
7299,turkey breast cutlet,7299
7300,turkey breast half,7300
7301,turkey breast tenderloin,7301
7302,turkey broth,7302
7303,turkey carcas,7303
7304,turkey chili,7304
7305,turkey chop,7305
7306,turkey cutlet,7306
7307,turkey dripping,7307
7308,turkey drumstick,7308
7309,turkey fat,7309
7310,turkey fillet,7310
7311,turkey giblet,7311
7312,turkey gizzard,7312
7313,turkey gravy,7313
7314,turkey gravy mix,7314
7315,turkey ham,7315
7316,turkey heart,7316
7317,turkey hot dog,7317
7318,turkey kielbasa,7318
7319,turkey leg,7319
7320,turkey meat,7320
7321,turkey neck,7321
7322,turkey part,7322
7323,turkey pastrami,7323
7324,turkey pepperoni,7324
7325,turkey polish kielbasa,7325
7326,turkey scallopini,7326
7327,turkey slice,7327
7328,turkey slouse,7328
7329,turkey stock,7329
7330,turkey stuffing,7330
7331,turkey stuffing mix,7331
7332,turkey tenderloin,7332
7333,turkey thigh,7333
7334,turkey wing,7334
7335,turkish bay leaf,7335
7336,turkish bread,7336
7337,turmeric,7337
7338,turmeric powder,7338
7339,turnip,7339
7340,turnip green,7340
7341,twelve-grain bread,7341
7342,tzatziki,7342
7343,udon noodle,7343
7344,umeboshi,7344
7345,umeboshi plum paste,7345
7346,umeboshi vinegar,7346
7347,unbaked deep dish pie pastry,7347
7348,unbaked deep-dish pie shell,7348
7349,unbaked double pie crust,7349
7350,unbaked pastry shell,7350
7351,unbaked pie crust,7351
7352,unbaked pie shell,7352
7353,unbaked tart shell,7353
7354,unblanched whole almond,7354
7355,unbleached all-purpose flmy,7355
7356,unbleached bread flmy,7356
7357,unbleached cane sugar,7357
7358,unbleached flmy,7358
7359,unbleached white flmy,7359
7360,unbuttered and unsalted popcorn,7360
7361,uncle bens wild rice,7361
7362,uncooked rice,7362
7363,unflavored gelatin,7363
7364,unpopped popcorn,7364
7365,unrefined sugar,7365
7366,unsalted almond,7366
7367,unsalted butter,7367
7368,unsalted cashew,7368
7369,unsalted chicken stock,7369
7370,unsalted creamy peanut butter,7370
7371,unsalted dry roasted peanut,7371
7372,unsalted dry-roasted cashew,7372
7373,unsalted macadamia nut,7373
7374,unsalted margarine,7374
7375,unsalted matzo cracker,7375
7376,unsalted nut,7376
7377,unsalted peanut,7377
7378,unsalted peanut butter,7378
7379,unsalted pistachio nut,7379
7380,unsalted pretzel,7380
7381,unsalted pumpkin seed,7381
7382,unsalted saltine cracker,7382
7383,unsalted shelled pistachio,7383
7384,unsalted sunflower seed,7384
7385,unsalted sunflower seed kernel,7385
7386,unsalted vegetable stock,7386
7387,unseasoned breadcrumb,7387
7388,unsifted all-purpose flmy,7388
7389,unsifted flmy,7389
7390,unsmoked bacon,7390
7391,unsulphured molass,7391
7392,unsweetened almond milk,7392
7393,unsweetened apple cider,7393
7394,unsweetened apple juice,7394
7395,unsweetened apple juice concentrate,7395
7396,unsweetened applesauce,7396
7397,unsweetened baking chocolate,7397
7398,unsweetened baking cocoa,7398
7399,unsweetened berry,7399
7400,unsweetened blueberry,7400
7401,unsweetened cherry,7401
7402,unsweetened chocolate,7402
7403,unsweetened chocolate chip,7403
7404,unsweetened chocolate square,7404
7405,unsweetened chunky applesauce,7405
7406,unsweetened cocoa,7406
7407,unsweetened cocoa powder,7407
7408,unsweetened coconut,7408
7409,unsweetened coconut milk,7409
7410,unsweetened cranberry juice,7410
7411,unsweetened crushed canned pineapple,7411
7412,unsweetened dark chocolate,7412
7413,unsweetened dried cranberry,7413
7414,unsweetened dried shredded coconut,7414
7415,unsweetened drink mix,7415
7416,unsweetened dutch cocoa,7416
7417,unsweetened flaked coconut,7417
7418,unsweetened frozen blueberry,7418
7419,unsweetened frozen peach slice,7419
7420,unsweetened frozen sliced peach,7420
7421,unsweetened fruit juice,7421
7422,unsweetened grape juice,7422
7423,unsweetened grapefruit juice,7423
7424,unsweetened instant tea,7424
7425,unsweetened lemonade mix,7425
7426,unsweetened orange drink mix,7426
7427,unsweetened orange juice,7427
7428,unsweetened orange juice concentrate,7428
7429,unsweetened peach,7429
7430,unsweetened pineapple,7430
7431,unsweetened pineapple chunk,7431
7432,unsweetened pineapple juice,7432
7433,unsweetened pineapple slice,7433
7434,unsweetened pineapple tidbit,7434
7435,unsweetened plain yogurt,7435
7436,unsweetened pomegranate juice,7436
7437,unsweetened powdered drink mix,7437
7438,unsweetened raspberry,7438
7439,unsweetened sliced peach,7439
7440,unsweetened soymilk,7440
7441,unsweetened strawberry,7441
7442,unsweetened tart red cherry,7442
7443,unsweetened vanilla,7443
7444,unsweetened vanilla almond milk,7444
7445,unsweetened white grape juice,7445
7446,unsweetened yogurt,7446
7447,urad dal,7447
7448,valencia orange,7448
7449,vanilla,7449
7450,vanilla baking chip,7450
7451,vanilla bark,7451
7452,vanilla bean,7452
7453,vanilla bean paste,7453
7454,vanilla bean seed,7454
7455,vanilla butternuting,7455
7456,vanilla candy coating,7456
7457,vanilla caramel,7457
7458,vanilla chip,7458
7459,vanilla chocolate chip,7459
7460,vanilla coffee syrup,7460
7461,vanilla cookie crumb,7461
7462,vanilla cookie pie crust,7462
7463,vanilla cookies,7463
7464,vanilla cream-filled cookies,7464
7465,vanilla cupcake,7465
7466,vanilla custard,7466
7467,vanilla custard powder,7467
7468,vanilla ensure,7468
7469,vanilla essence,7469
7470,vanilla extract,7470
7471,vanilla frosting,7471
7472,vanilla frozen yogurt,7472
7473,vanilla greek yogurt,7473
7474,vanilla ice cream,7474
7475,vanilla ice milk,7475
7476,vanilla icing,7476
7477,vanilla instant breakfast drink mix,7477
7478,vanilla instant pudding and pie filling mix,7478
7479,vanilla instant pudding mix,7479
7480,vanilla liqueur,7480
7481,vanilla pod,7481
7482,vanilla powder,7482
7483,vanilla protein powder,7483
7484,vanilla pudding,7484
7485,vanilla pudding mix,7485
7486,vanilla rice milk,7486
7487,vanilla schnapp,7487
7488,vanilla soy yogurt,7488
7489,vanilla soymilk,7489
7490,vanilla square,7490
7491,vanilla sugar,7491
7492,vanilla syrup,7492
7493,vanilla tea bag,7493
7494,vanilla vodka,7494
7495,vanilla wafer,7495
7496,vanilla wafer cookie,7496
7497,vanilla wafer cookies,7497
7498,vanilla wafer crumb,7498
7499,vanilla wafer pie crust,7499
7500,vanilla whey protein powder,7500
7501,vanilla yogurt,7501
7502,vanillaing,7502
7503,veal,7503
7504,veal bone,7504
7505,veal brisket,7505
7506,veal broth,7506
7507,veal chop,7507
7508,veal cutlet,7508
7509,veal demi-glace,7509
7510,veal escalope,7510
7511,veal fillet,7511
7512,veal kidney,7512
7513,veal loin,7513
7514,veal medallion,7514
7515,veal mince,7515
7516,veal neck bone,7516
7517,veal roast,7517
7518,veal round steak,7518
7519,veal scallop,7519
7520,veal scallopini,7520
7521,veal schnitzel,7521
7522,veal shank,7522
7523,veal shoulder,7523
7524,veal steak,7524
7525,veal stew meat,7525
7526,veal stock,7526
7527,veg-all,7527
7528,vegan burger,7528
7529,vegan butter,7529
7530,vegan cheese,7530
7531,vegan chicken,7531
7532,vegan chicken seasoning,7532
7533,vegan chocolate,7533
7534,vegan chocolate chip,7534
7535,vegan egg replacer powder,7535
7536,vegan egg substitute,7536
7537,vegan margarine,7537
7538,vegan parmesan cheese,7538
7539,vegan pie crust,7539
7540,vegan powdered sugar,7540
7541,vegan sour cream,7541
7542,vegan sugar,7542
7543,vegan worcestershire sauce,7543
7544,vegemite,7544
7545,vegetable,7545
7546,vegetable beef soup,7546
7547,vegetable bouillon,7547
7548,vegetable bouillon cube,7548
7549,vegetable bouillon granule,7549
7550,vegetable broth,7550
7551,vegetable cocktail,7551
7552,vegetable cracker,7552
7553,vegetable dip,7553
7554,vegetable juice,7554
7555,vegetable juice cocktail,7555
7556,vegetable margarine,7556
7557,vegetable oil,7557
7558,vegetable seasoning,7558
7559,vegetable shortening,7559
7560,vegetable soup,7560
7561,vegetable soup mix,7561
7562,vegetable stock,7562
7563,vegetable stock base,7563
7564,vegetable stock cube,7564
7565,vegetable stock powder,7565
7566,vegetable suet,7566
7567,vegetarian bacon,7567
7568,vegetarian bacon bit,7568
7569,vegetarian baked bean,7569
7570,vegetarian beef bouillon powder,7570
7571,vegetarian beef strip,7571
7572,vegetarian blue cheese,7572
7573,vegetarian bouillon powder,7573
7574,vegetarian broth,7574
7575,vegetarian chicken bouillon cube,7575
7576,vegetarian chicken bouillon granule,7576
7577,vegetarian chicken piece,7577
7578,vegetarian chicken soup mix,7578
7579,vegetarian chicken strip,7579
7580,vegetarian chicken substitute,7580
7581,vegetarian chili,7581
7582,vegetarian ground beef,7582
7583,vegetarian hamburger patty,7583
7584,vegetarian oyster sauce,7584
7585,vegetarian parmesan cheese,7585
7586,vegetarian poultry seasoning,7586
7587,vegetarian refried bean,7587
7588,vegetarian vegetable soup,7588
7589,vegetarian worcestershire sauce,7589
7590,vegetum,7590
7591,veggie burger,7591
7592,veggie crumble,7592
7593,veggie shreds cheese,7593
7594,velveeta cheese,7594
7595,velveeta cheese product,7595
7596,velveeta cheese slice,7596
7597,velveeta mexican cheese,7597
7598,velveeta pepper jack cheese,7598
7599,velveeta shells and cheese dinner,7599
7600,venison,7600
7601,venison chop,7601
7602,venison chuck roast,7602
7603,venison heart,7603
7604,venison loin,7604
7605,venison loin steak,7605
7606,venison roast,7606
7607,venison steak,7607
7608,venison stew meat,7608
7609,venison tenderloin,7609
7610,verju,7610
7611,verjuice,7611
7612,vermicelli,7612
7613,vermicelli rice noodle,7613
7614,vermouth,7614
7615,very strong coffee,7615
7616,vidalia onion,7616
7617,vienna bread,7617
7618,vinaigrette,7618
7619,vindaloo curry paste,7619
7620,vinegar,7620
7621,vinegar potato chip,7621
7622,violet,7622
7623,vital wheat gluten,7623
7624,vital wheat gluten flmy,7624
7625,vitamin,7625
7626,vitamin c powder,7626
7627,vodka,7627
7628,vodka sauce,7628
7629,vol-au-vent case,7629
7630,wafer,7630
7631,wafer cookies,7631
7632,waffle,7632
7633,waffle batter,7633
7634,waffle cone,7634
7635,waffle mix,7635
7636,waffle-shaped french fry,7636
7637,wagon wheel macaroni,7637
7638,wakame seaweed,7638
7639,walla walla onion,7639
7640,walleye,7640
7641,walleyed pike fillet,7641
7642,walnut,7642
7643,walnut extract,7643
7644,walnut half,7644
7645,walnut ice cream topping,7645
7646,walnut meal,7646
7647,walnut meat,7647
7648,walnut oil,7648
7649,walnut piece,7649
7650,warm water,7650
7651,wasabi,7651
7652,wasabi paste,7652
7653,wasabi pea,7653
7654,wasabi powder,7654
7655,water,7655
7656,water chestnut,7656
7657,water cracker,7657
7658,water-packed artichoke heart,7658
7659,watercres,7659
7660,watercress leaf,7660
7661,watermelon,7661
7662,watermelon ball,7662
7663,watermelon juice,7663
7664,watermelon radish,7664
7665,watermelon rind,7665
7666,watermelon wedge,7666
7667,wattleseed,7667
7668,wax bean,7668
7669,wax paper,7669
7670,wax pepper,7670
7671,waxed yellow bean,7671
7672,weet-bix,7672
7673,weetabix,7673
7674,wensleydale cheese,7674
7675,wesson oil,7675
7676,westphalian ham,7676
7677,wheat,7677
7678,wheat beer,7678
7679,wheat berry,7679
7680,wheat bran,7680
7681,wheat bran flake,7681
7682,wheat bread flmy,7682
7683,wheat chex,7683
7684,wheat cracker,7684
7685,wheat flake,7685
7686,wheat flakes cereal,7686
7687,wheat flmy,7687
7688,wheat germ,7688
7689,wheat gluten,7689
7690,wheat gluten flmy,7690
7691,wheat hamburger bun,7691
7692,wheat noodle,7692
7693,wheat thins cracker,7693
7694,wheat toast,7694
7695,wheatables cracker,7695
7696,wheatberry,7696
7697,whey,7697
7698,whey powder,7698
7699,whey protein,7699
7700,whey protein powder,7700
7701,whipped butter,7701
7702,whipped cream,7702
7703,whipped dessert topping mix,7703
7704,whipped topping,7704
7705,whipping cream,7705
7706,whiskey,7706
7707,white almond bark,7707
7708,white and yellow corn,7708
7709,white asparagu,7709
7710,white baking bar,7710
7711,white baking chocolate,7711
7712,white balsamic vinegar,7712
7713,white bean,7713
7714,white bread,7714
7715,white bread cube,7715
7716,white bread flmy,7716
7717,white bread rolls dough,7717
7718,white breadcrumb,7718
7719,white button mushroom,7719
7720,white cabbage,7720
7721,white cake,7721
7722,white candy coating,7722
7723,white castle hamburger,7723
7724,white cheese,7724
7725,white cheese dip,7725
7726,white chocolate,7726
7727,white chocolate baking bar,7727
7728,white chocolate baking square,7728
7729,white chocolate bark,7729
7730,white chocolate candy melt,7730
7731,white chocolate chip,7731
7732,white chocolate chunk,7732
7733,white chocolate curl,7733
7734,white chocolate liqueur,7734
7735,white chocolate pudding mix,7735
7736,white chocolate sauce,7736
7737,white chocolate wafer,7737
7738,white clam sauce,7738
7739,white clover blossom,7739
7740,white cooking chocolate,7740
7741,white corn,7741
7742,white corn kernel,7742
7743,white corn syrup,7743
7744,white cornmeal,7744
7745,white crab meat,7745
7746,white cranberry juice,7746
7747,white creme de cacao,7747
7748,white creme de menthe,7748
7749,white decorating icing,7749
7750,white dinner roll,7750
7751,white distilled vinegar,7751
7752,white fish,7752
7753,white fish fillet,7753
7754,white flmy,7754
7755,white frosting,7755
7756,white fudge covered oreo,7756
7757,white grape,7757
7758,white grape juice,7758
7759,white grape juice concentrate,7759
7760,white grapefruit,7760
7761,white hominy,7761
7762,white horseradish,7762
7763,white karo,7763
7764,white lily self-rising flmy,7764
7765,white meat chicken,7765
7766,white minute rice,7766
7767,white miso,7767
7768,white mushroom,7768
7769,white mustard seed,7769
7770,white onion,7770
7771,white pea bean,7771
7772,white peach,7772
7773,white pearl onion,7773
7774,white pepper,7774
7775,white pepper powder,7775
7776,white peppercorn,7776
7777,white poppy seed,7777
7778,white port,7778
7779,white potato,7779
7780,white processed cheese,7780
7781,white radish,7781
7782,white raisin,7782
7783,white rice,7783
7784,white sandwich loaf,7784
7785,white sauce,7785
7786,white sauce mix,7786
7787,white seedless grape,7787
7788,white sesame seed,7788
7789,white shoepeg corn,7789
7790,white sugar,7790
7791,white syrup,7791
7792,white tequila,7792
7793,white toast,7793
7794,white truffle oil,7794
7795,white turkey meat,7795
7796,white vanilla,7796
7797,white vanilla chip,7797
7798,white vermouth,7798
7799,white vinegar,7799
7800,white whole wheat flmy,7800
7801,white wine,7801
7802,white wine vinaigrette,7802
7803,white wine vinegar,7803
7804,white wine worcestershire sauce,7804
7805,white worcestershire sauce,7805
7806,white zinfandel wine,7806
7807,white-fleshed fish,7807
7808,whitebait,7808
7809,whiting fish fillet,7809
7810,whole allspice,7810
7811,whole almond,7811
7812,whole bay leaf,7812
7813,whole berry cranberry sauce,7813
7814,whole black peppercorn,7814
7815,whole buttermilk,7815
7816,whole canned tomato,7816
7817,whole cardamom pod,7817
7818,whole chestnut,7818
7819,whole chicken,7819
7820,whole chicken breast,7820
7821,whole clove,7821
7822,whole coriander seed,7822
7823,whole corn,7823
7824,whole cranberry sauce,7824
7825,whole cumin seed,7825
7826,whole duck,7826
7827,whole farro,7827
7828,whole grain bagel,7828
7829,whole grain baguette,7829
7830,whole grain bread,7830
7831,whole grain bun,7831
7832,whole grain cereal,7832
7833,whole grain cornmeal,7833
7834,whole grain cracker,7834
7835,whole grain dijon mustard,7835
7836,whole grain english muffin,7836
7837,whole grain fettuccine,7837
7838,whole grain honey mustard,7838
7839,whole grain mustard,7839
7840,whole grain oat,7840
7841,whole grain oat flmy,7841
7842,whole grain oatmeal,7842
7843,whole grain pitum,7843
7844,whole grain rice,7844
7845,whole grain sandwich roll,7845
7846,whole grain waffle,7846
7847,whole grain wheat flmy,7847
7848,whole green chili,7848
7849,whole green chily,7849
7850,whole kernel corn,7850
7851,whole meal bread,7851
7852,whole meal flmy,7852
7853,whole milk,7853
7854,whole milk ricotta cheese,7854
7855,whole mixed pickling spice,7855
7856,whole mushroom,7856
7857,whole mustard seed,7857
7858,whole nutmeg,7858
7859,whole oat,7859
7860,whole oat groat,7860
7861,whole pecan,7861
7862,whole salmon,7862
7863,whole tomato,7863
7864,whole trout,7864
7865,whole turkey,7865
7866,whole turkey breast,7866
7867,whole unblanched almond,7867
7868,whole wheat angel hair pastum,7868
7869,whole wheat bagel,7869
7870,whole wheat baguette,7870
7871,whole wheat bow tie pastum,7871
7872,whole wheat bread,7872
7873,whole wheat bread crumb,7873
7874,whole wheat bread cube,7874
7875,whole wheat bread flmy,7875
7876,whole wheat breadcrumb,7876
7877,whole wheat bun,7877
7878,whole wheat cereal,7878
7879,whole wheat couscou,7879
7880,whole wheat cracker,7880
7881,whole wheat dinner roll,7881
7882,whole wheat egg noodle,7882
7883,whole wheat elbow macaroni,7883
7884,whole wheat english muffin,7884
7885,whole wheat fettuccine,7885
7886,whole wheat flat bread,7886
7887,whole wheat flmy,7887
7888,whole wheat french bread,7888
7889,whole wheat fusilli,7889
7890,whole wheat hamburger bun,7890
7891,whole wheat hoagie roll,7891
7892,whole wheat lasagna noodle,7892
7893,whole wheat linguine,7893
7894,whole wheat macaroni,7894
7895,whole wheat noodle,7895
7896,whole wheat orzo,7896
7897,whole wheat panko,7897
7898,whole wheat pasta shell,7898
7899,whole wheat pastry flmy,7899
7900,whole wheat pastum,7900
7901,whole wheat penne,7901
7902,whole wheat penne rigate,7902
7903,whole wheat pita,7903
7904,whole wheat pita bread,7904
7905,whole wheat pizza crust,7905
7906,whole wheat pizza dough,7906
7907,whole wheat rigatoni,7907
7908,whole wheat roll,7908
7909,whole wheat rotini,7909
7910,whole wheat self-rising flmy,7910
7911,whole wheat spaghettus,7911
7912,whole wheat spiral pastum,7912
7913,whole wheat toast,7913
7914,wholemeal rye flmy,7914
7915,wholemeal self-rising flmy,7915
7916,whoppers candy,7916
7917,wide egg noodle,7917
7918,wide rice noodle,7918
7919,wild blueberry,7919
7920,wild duck,7920
7921,wild mushroom,7921
7922,wild rice,7922
7923,wild rice mix,7923
7924,wild salmon,7924
7925,wild strawberry gelatin,7925
7926,wildflower honey,7926
7927,wine,7927
7928,wine biscuit,7928
7929,wine vinegar,7929
7930,wine-cured sauerkraut,7930
7931,winter melon,7931
7932,winter savory,7932
7933,winter squash,7933
7934,winter squash puree,7934
7935,wok oil,7935
7936,wolfchili,7936
7937,wondra flmy,7937
7938,wonton,7938
7939,wonton skin,7939
7940,wonton wrapper,7940
7941,wood chip,7941
7942,wood ear mushroom,7942
7943,wooden popsicle stick,7943
7944,wooden skewer,7944
7945,wooden stick,7945
7946,worcestershire sauce,7946
7947,worcestershire sauce for chicken,7947
7948,worchestershire sauce,7948
7949,wrap,7949
7950,x-rated fusion liqueur,7950
7951,xanthan gum,7951
7952,yabby,7952
7953,yakisoba noodle,7953
7954,yakisoba sauce,7954
7955,yam,7955
7956,yeast,7956
7957,yel,7957
7958,yellow apple,7958
7959,yellow bean,7959
7960,yellow bean sauce,7960
7961,yellow beet,7961
7962,yellow bell pepper,7962
7963,yellow cake batter,7963
7964,yellow capsicum,7964
7965,yellow cheese,7965
7966,yellow cherry tomato,7966
7967,yellow cling peach,7967
7968,yellow corn flmy,7968
7969,yellow corn grit,7969
7970,yellow cornmeal,7970
7971,yellow curry paste,7971
7972,yellow food coloring,7972
7973,yellow hominy,7973
7974,yellow lentil,7974
7975,yellow miso,7975
7976,yellow moong dal,7976
7977,yellow mustard,7977
7978,yellow mustard seed,7978
7979,yellow onion,7979
7980,yellow pattypan squash,7980
7981,yellow pear tomato,7981
7982,yellow pepper,7982
7983,yellow potato,7983
7984,yellow rice,7984
7985,yellow rice mix,7985
7986,yellow split pea,7986
7987,yellow squash,7987
7988,yellow sweet bell pepper,7988
7989,yellow sweet onion,7989
7990,yellow sweet pepper,7990
7991,yellow tomato,7991
7992,yellow wax bean,7992
7993,yellow zucchini,7993
7994,yellowfin tuna fillet,7994
7995,yellowfin tuna steak,7995
7996,yellowtail fish fillet,7996
7997,yoghurt,7997
7998,yogurt,7998
7999,yogurt cheese,7999
8000,yogurt starter,8000
8001,yogurt-covered raisin,8001
8002,yolk-free egg noodle,8002
8003,yolk-free wide egg noodle,8003
8004,yoplait creme caramel yogurt,8004
8005,yoshida sauce,8005
8006,young fresh baby carrot,8006
8007,young roasting chicken,8007
8008,your favorite barbecue rub,8008
8009,your favorite liqueur,8009
8010,your favorite sauce,8010
8011,yucca root,8011
8012,yukon gold potato,8012
8013,yuzu,8013
8014,yve's veggie ground round,8014
8015,za'atar spice mix,8015
8016,zatarain's jambalaya mix,8016
8017,zinfandel,8017
8018,ziploc bag,8018
8019,ziti pastum,8019
8020,ziti rigatus,8020
8021,zucchini,8021
8022,zwieback toast,8022
